co_municipio;quantidade_alunos;probabilidade_risco_media;probabilidade_risco_mediana;probabilidade_risco_p90;taxa_alertas;taxa_nao_alfabetizado_real;falsos_negativos;taxa_falsos_negativos;co_uf;dependencia_predominante;atlas_idhm_median;atlas_idhm_e_median;atlas_renda_pc_median;atlas_indice_gini_median;atlas_prop_pobreza_criancas_median;atlas_taxa_criancas_dom_sem_fund_median;censo_prop_mat_2ano_internet_aprendizagem_median;censo_prop_mat_2ano_alimentacao_median;censo_prop_mat_2ano_biblioteca_sala_leitura_median;fundeb_receita_contribuicao_median;fundeb_complementacao_uniao_median;fundeb_receita_total_median;indicador_meta_final_2025_median;indicador_pc_aluno_alfabetizado_2024_median;taxa_alfabetizacao_real_pct;taxa_alfabetizacao_predita_prob_pct;taxa_alertas_pct;sg_uf;no_municipio;rotulo_municipio;percentil_risco_relativo;faixa_risco_relativo;meta_2025_pct;alfabetizacao_2024_pct;gap_previsto_meta_pp;situacao_meta
4322509;744;0.6923545817513246;0.6983124307486875;0.6983124307486875;1.0;0.4166666666666667;0;0.0;43;3.0;0.721;0.605;797.86;0.51;12.1;29.18;0.5881670533642691;1.0;0.9593967517401392;59023097.07;0.0;59023097.07;70.45;38.1;58.33333333333333;30.764541824867543;100.0;RS;Vacaria;Vacaria - RS;0.9731404958677686;Alto;70.45;38.1;-39.68545817513246;Risco elevado de não atingir
4304408;518;0.5863863361648883;0.5971020966550586;0.5971020966550586;1.0;0.4575289575289575;0;0.0;43;3.0;0.748;0.667;787.78;0.48;11.86;32.61;0.8806228373702422;1.0;0.6695501730103807;50649426.93;1355760.98;52005187.91;79.06;42.2;54.24710424710425;41.36136638351117;100.0;RS;Canela;Canela - RS;0.78099173553719;Alto;79.06;42.2;-37.698633616488834;Risco elevado de não atingir
4309209;2392;0.6634030439569938;0.6702588967318778;0.6702588967318778;1.0;0.5334448160535117;0;0.0;43;3.0;0.736;0.636;737.29;0.44;10.85;20.57;0.8123784834737524;1.0;0.9559300064808814;222351331.1;0.0;222351331.1;68.91;41.0;46.65551839464883;33.65969560430062;100.0;RS;Gravataí;Gravataí - RS;0.9462809917355371;Alto;68.91;41.0;-35.250304395699374;Risco elevado de não atingir
4307500;162;0.5474478810813785;0.5437975479444664;0.5541721789651638;1.0;0.3765432098765432;0;0.0;43;2.0;0.765;0.677;834.66;0.49;9.93;24.6;1.0;1.0;1.0;11012351.23;160203.88;11172555.11;80.0;39.1;62.34567901234568;45.255211891862146;100.0;RS;Espumoso;Espumoso - RS;0.6942148760330579;Moderado;80.0;39.1;-34.744788108137854;Risco elevado de não atingir
4315602;1432;0.7060803342959047;0.714105215779498;0.714105215779498;1.0;0.6375698324022346;0;0.0;43;3.0;0.744;0.637;859.2;0.51;15.27;26.29;0.7130350194552529;1.0;0.8895914396887159;180535553.05;0.0;180535553.05;62.61;43.2;36.24301675977654;29.391966570409533;100.0;RS;Rio Grande;Rio Grande - RS;0.9834710743801653;Alto;62.61;43.2;-33.21803342959046;Risco elevado de não atingir
4305108;3558;0.586944403173325;0.6048113919022229;0.6048113919022229;1.0;0.4612141652613828;0;0.0;43;3.0;0.782;0.686;1253.93;0.48;3.85;18.25;0.9766081871345028;1.0;0.9766081871345028;313432313.26;9377436.66;322809749.92;72.56;43.2;53.87858347386172;41.3055596826675;100.0;RS;Caxias do Sul;Caxias do Sul - RS;0.7830578512396694;Alto;72.56;43.2;-31.254440317332502;Risco elevado de não atingir
4319505;210;0.6520832007024934;0.6620255672308244;0.6620255672308244;1.0;0.4;0;0.0;43;3.0;0.739;0.646;772.04;0.44;12.66;31.45;0.6794425087108014;1.0;0.9616724738675958;22564487.7;0.0;22564487.7;64.97;37.1;60.0;34.791679929750664;100.0;RS;São Sebastião do Caí;São Sebastião do Caí - RS;0.9400826446280992;Alto;64.97;37.1;-30.178320070249335;Risco elevado de não atingir
4304705;500;0.604066697574618;0.5711777729607397;0.6394120563920223;1.0;0.414;0;0.0;43;2.0;0.766;0.707;881.73;0.51;12.74;18.6;0.998422712933754;1.0;0.9779179810725552;47572632.37;0.0;47572632.37;69.06;42.0;58.60000000000001;39.59333024253821;100.0;RS;Carazinho;Carazinho - RS;0.8285123966942148;Alto;69.06;42.0;-29.466669757461794;Risco elevado de não atingir
4301636;174;0.637560675595241;0.637560675595241;0.637560675595241;1.0;0.6724137931034483;0;0.0;43;3.0;0.696;0.567;662.85;0.5;23.48;34.18;0.6893203883495146;1.0;0.6699029126213593;20512584.15;338901.72;20851485.87;65.43;43.6;32.758620689655174;36.2439324404759;100.0;RS;Balneário Pinhal;Balneário Pinhal - RS;0.9070247933884298;Alto;65.43;43.6;-29.186067559524105;Risco elevado de não atingir
4304663;310;0.6979105052387943;0.7022721857165459;0.7022721857165459;1.0;0.6612903225806451;0;0.0;43;3.0;0.637;0.48;493.36;0.43;20.06;40.82;0.5810055865921788;1.0;0.9413407821229052;29793649.41;607025.53;30400674.94;58.86;28.2;33.87096774193549;30.208949476120573;100.0;RS;Capão do Leão;Capão do Leão - RS;0.9793388429752066;Alto;58.86;28.2;-28.651050523879427;Risco elevado de não atingir
3525102;389;0.6151716459347245;0.6151716459347245;0.6151716459347245;1.0;0.5475578406169666;0;0.0;35;3.0;0.735;0.64;742.74;0.48;9.36;24.71;0.820675105485232;1.0;0.8649789029535865;47051029.24;0.0;47051029.24;65.37;45.42;45.24421593830334;38.48283540652755;100.0;SP;Jardinópolis;Jardinópolis - SP;0.8450413223140496;Alto;65.37;45.42;-26.887164593472455;Risco elevado de não atingir
2111201;1961;0.5810319152984883;0.5810319152984883;0.5810319152984883;1.0;0.35696073431922487;0;0.0;21;3.0;0.708;0.7;435.4;0.51;30.54;19.4;0.3457743457743458;1.0;0.3341913341913342;159949978.27;268064183.99;428014162.26;68.0;56.58;64.30392656807751;41.89680847015117;100.0;MA;São José de Ribamar;São José de Ribamar - MA;0.7789256198347108;Alto;68.0;56.58;-26.10319152984883;Risco elevado de não atingir
4322806;176;0.47380351405526966;0.47380351405526966;0.47380351405526966;0.0;0.39204545454545453;69;0.39204545454545453;43;3.0;0.773;0.692;1141.67;0.47;5.54;20.52;1.0;1.0;1.0;23150711.89;266505.59;23417217.48;77.99;57.0;60.79545454545454;52.619648594473034;0.0;RS;Veranópolis;Veranópolis - RS;0.5020661157024794;Moderado;77.99;57.0;-25.37035140552696;Risco elevado de não atingir
4315503;144;0.6853710553006659;0.6971310765878995;0.6971310765878995;1.0;0.2708333333333333;0;0.0;43;3.0;0.683;0.542;660.14;0.52;17.33;34.03;1.0;1.0;0.6167664670658682;11473790.22;0.0;11473790.22;56.63;33.0;72.91666666666667;31.46289446993341;100.0;RS;Restinga Sêca;Restinga Sêca - RS;0.96900826446281;Alto;56.63;33.0;-25.167105530066593;Risco elevado de não atingir
2109270;276;0.5663297318893386;0.5663297318893386;0.5663297318893386;1.0;0.4166666666666667;0;0.0;21;3.0;0.557;0.472;164.13;0.51;65.77;52.76;0.6015037593984962;1.0;0.0;26861480.75;41828430.92;68689911.67;68.35;39.6;58.33333333333333;43.36702681106615;100.0;MA;Presidente Sarney;Presidente Sarney - MA;0.7520661157024794;Alto;68.35;39.6;-24.982973188933848;Risco elevado de não atingir
2100709;174;0.4992514069031309;0.49925140690313086;0.49925140690313086;0.0;0.1724137931034483;30;0.1724137931034483;21;3.0;0.581;0.492;207.65;0.6;69.99;56.18;0.1178082191780822;1.0;0.3068493150684931;20854704.59;27783063.68;48637768.27;75.01;41.33;82.75862068965517;50.074859309686914;0.0;MA;Anajatuba;Anajatuba - MA;0.5640495867768595;Moderado;75.01;41.33;-24.93514069031309;Risco elevado de não atingir
3302270;1108;0.7130313510617697;0.7130313510617697;0.7130313510617697;1.0;0.5929602888086642;0;0.0;33;3.0;0.659;0.555;420.15;0.42;22.98;32.93;0.1876447876447876;1.0;0.8548262548262548;76772273.67;8522613.29;85294886.96;51.98;36.88;40.70397111913358;28.696864893823026;100.0;RJ;Japeri;Japeri - RJ;0.993801652892562;Alto;51.98;36.88;-23.28313510617697;Risco elevado de não atingir
4216800;113;0.4564706586226841;0.44291125409588883;0.4785441078523508;0.0;0.37168141592920356;42;0.37168141592920356;42;3.0;0.636;0.503;375.44;0.46;40.26;50.75;0.9537037037037036;1.0;0.9166666666666666;5210111.84;136547.03;5346658.87;77.52;65.03;62.83185840707964;54.35293413773159;0.0;SC;São José do Cerrito;São José do Cerrito - SC;0.4855371900826446;Moderado;77.52;65.03;-23.16706586226841;Risco elevado de não atingir
2109452;441;0.5093124560276479;0.5093124560276479;0.5093124560276479;1.0;0.4943310657596372;0;0.0;21;3.0;0.626;0.587;274.0;0.48;45.27;35.06;0.5333333333333333;1.0;0.4193548387096774;26435579.16;47415543.96;73851123.12;71.84;48.35;50.56689342403629;49.06875439723522;100.0;MA;Raposa;Raposa - MA;0.5929752066115702;Moderado;71.84;48.35;-22.771245602764786;Risco elevado de não atingir
3513009;2880;0.6196999782335868;0.6196999782335868;0.6196999782335868;1.0;0.4565972222222222;0;0.0;35;3.0;0.78;0.707;1085.66;0.57;8.61;18.21;0.9562350119904076;1.0;0.323441247002398;221094845.01;0.0;221094845.01;60.23;49.49;54.34027777777778;38.03000217664132;100.0;SP;Cotia;Cotia - SP;0.8615702479338843;Alto;60.23;49.49;-22.19999782335868;Risco elevado de não atingir
3301702;6397;0.6436186957330908;0.6436186957330909;0.6436186957330909;1.0;0.5232140065655776;0;0.0;33;3.0;0.711;0.624;592.81;0.46;18.19;25.75;0.7933399850336742;1.0;0.8334996258418558;449372085.74;48592640.72;497964726.46;57.8;45.37;47.678599343442244;35.638130426690914;100.0;RJ;Duque de Caxias;Duque de Caxias - RJ;0.9194214876033058;Alto;57.8;45.37;-22.161869573309083;Risco elevado de não atingir
1505536;3266;0.5939707101250967;0.5939707101250967;0.5939707101250967;1.0;0.4112063686466626;0;0.0;15;3.0;0.715;0.644;627.61;0.53;20.58;24.88;0.859322974472808;1.0;0.7491675915649278;207604443.53;118111191.92;325715635.45;62.71;49.49;58.87936313533374;40.60292898749033;100.0;PA;Parauapebas;Parauapebas - PA;0.7995867768595041;Alto;62.71;49.49;-22.10707101250967;Risco elevado de não atingir
1500107;1500;0.6960612144261709;0.6960612144261709;0.6960612144261709;1.0;0.5273333333333333;0;0.0;15;3.0;0.628;0.537;293.01;0.53;51.18;38.08;0.420489977728285;1.0;0.6204899777282851;103183561.18;127698715.88;230882277.06;52.46;35.85;47.266666666666666;30.393878557382912;100.0;PA;Abaetetuba;Abaetetuba - PA;0.9752066115702479;Alto;52.46;35.85;-22.06612144261709;Risco elevado de não atingir
2601706;770;0.6228186312388566;0.6228186312388566;0.6228186312388566;1.0;0.3168831168831169;0;0.0;26;3.0;0.629;0.514;372.93;0.51;42.4;44.55;0.0153846153846153;1.0;0.5562130177514792;60717536.42;28403624.35;89121160.77;59.56;43.93;68.31168831168831;37.718136876114336;100.0;PE;Belo Jardim;Belo Jardim - PE;0.8698347107438017;Alto;59.56;43.93;-21.841863123885666;Risco elevado de não atingir
3549953;144;0.5425525949783447;0.5425525949783447;0.5425525949783447;1.0;0.3402777777777778;0;0.0;35;3.0;0.728;0.666;640.64;0.47;13.69;25.36;1.0;1.0;0.0388888888888888;11476880.78;0.0;11476880.78;67.42;58.4;65.97222222222221;45.74474050216553;100.0;SP;São Lourenço da Serra;São Lourenço da Serra - SP;0.6818181818181818;Moderado;67.42;58.4;-21.675259497834475;Risco elevado de não atingir
1304237;331;0.6471977592103977;0.6471977592103977;0.6471977592103977;1.0;0.4471299093655589;0;0.0;13;3.0;0.548;0.416;189.15;0.54;57.55;45.55;0.3580246913580246;1.0;0.1111111111111111;26023657.12;26113161.23;52136818.35;56.94;30.02;55.2870090634441;35.28022407896023;100.0;AM;Tonantins;Tonantins - AM;0.9276859504132231;Alto;56.94;30.02;-21.659775921039767;Risco elevado de não atingir
1501303;1434;0.6409191178763918;0.6409191178763918;0.6409191178763918;1.0;0.48535564853556484;0;0.0;15;3.0;0.662;0.564;437.43;0.55;34.88;28.86;0.8713080168776371;1.0;0.679324894514768;106079100.26;56644870.81;162723971.07;57.38;39.5;51.46443514644352;35.90808821236082;100.0;PA;Barcarena;Barcarena - PA;0.9111570247933884;Alto;57.38;39.5;-21.47191178763918;Risco elevado de não atingir
2302008;189;0.49614648175526327;0.4961464817552632;0.4961464817552632;0.0;0.25396825396825395;48;0.25396825396825395;23;3.0;0.599;0.51;254.44;0.5;60.78;46.17;0.473170731707317;1.0;0.7317073170731707;13647624.6;11170092.73;24817717.33;71.69;63.940000000000005;74.60317460317461;50.38535182447368;0.0;CE;Barro;Barro - CE;0.5578512396694215;Moderado;71.69;63.940000000000005;-21.304648175526317;Risco elevado de não atingir
3507506;1164;0.5522433606519714;0.5522433606519714;0.5522433606519714;1.0;0.40893470790378006;0;0.0;35;3.0;0.8;0.746;1089.1;0.54;7.33;17.85;0.9613003095975232;1.0;0.9094427244582044;119050127.99;0.0;119050127.99;65.9;57.09;59.106529209621996;44.77566393480286;100.0;SP;Botucatu;Botucatu - SP;0.7128099173553719;Alto;65.9;57.09;-21.12433606519715;Risco elevado de não atingir
2608008;135;0.5984710811771842;0.5984710811771842;0.5984710811771842;1.0;0.4222222222222222;0;0.0;26;3.0;0.53;0.381;244.26;0.49;56.62;67.18;0.8;1.0;0.0631578947368421;20116057.21;9604140.06;29720197.27;61.07;37.15;57.77777777777777;40.15289188228158;100.0;PE;Jataúba;Jataúba - PE;0.8140495867768595;Alto;61.07;37.15;-20.91710811771842;Risco elevado de não atingir
2610707;1920;0.6009823272358686;0.6021283897365433;0.6021283897365433;1.0;0.4109375;0;0.0;26;3.0;0.732;0.703;528.04;0.49;25.34;19.87;0.621309963099631;1.0;0.6411439114391144;117763494.25;18529860.56;136293354.81;60.62;55.54;58.90625000000001;39.90176727641314;100.0;PE;Paulista;Paulista - PE;0.8223140495867769;Alto;60.62;55.54;-20.71823272358686;Risco elevado de não atingir
1302504;1362;0.6501636833561216;0.6617080882660676;0.6617080882660676;1.0;0.4588839941262849;0;0.0;13;3.0;0.614;0.481;342.58;0.56;47.3;39.86;0.6081081081081081;1.0;0.4048648648648648;88708811.13;76852602.3;165561413.43;55.57;37.28;54.11160058737151;34.983631664387836;100.0;AM;Manacapuru;Manacapuru - AM;0.9338842975206612;Alto;55.57;37.28;-20.586368335612164;Risco elevado de não atingir
3118403;191;0.49498627928138356;0.49674314536916997;0.49674314536916997;0.0;0.42408376963350786;81;0.42408376963350786;31;3.0;0.662;0.537;445.95;0.49;33.47;43.06;0.5983263598326359;1.0;0.8577405857740585;13611008.74;0.0;13611008.74;71.07;57.14;57.59162303664922;50.50137207186165;0.0;MG;Conselheiro Pena;Conselheiro Pena - MG;0.5495867768595041;Moderado;71.07;57.14;-20.56862792813834;Risco elevado de não atingir
3523206;447;0.563131157191282;0.563131157191282;0.563131157191282;1.0;0.348993288590604;0;0.0;35;3.0;0.703;0.649;510.2;0.48;26.5;29.91;1.0;1.0;0.5193050193050193;37434748.62;0.0;37434748.62;63.77;53.17;65.1006711409396;43.686884280871794;100.0;SP;Itararé;Itararé - SP;0.743801652892562;Alto;63.77;53.17;-20.08311571912821;Risco elevado de não atingir
4106001;134;0.47746826696678735;0.47746826696678735;0.47746826696678735;0.0;0.1044776119402985;14;0.1044776119402985;41;3.0;0.668;0.562;471.57;0.5;31.2;40.28;0.6124031007751938;1.0;0.8527131782945736;7267395.62;0.0;7267395.62;72.33;41.19;89.55223880597015;52.25317330332126;0.0;PR;Congonhinhas;Congonhinhas - PR;0.5144628099173554;Moderado;72.33;41.19;-20.076826696678737;Risco elevado de não atingir
1503606;2074;0.5279984526865651;0.5279984526865651;0.5279984526865651;1.0;0.33702989392478305;0;0.0;15;3.0;0.64;0.51;440.6;0.57;32.4;35.87;0.5575730735163862;1.0;0.6984056687333924;114341168.65;110856339.73;225197508.38;67.16;59.22;66.29701060752168;47.20015473134349;100.0;PA;Itaituba;Itaituba - PA;0.6363636363636364;Moderado;67.16;59.22;-19.959845268656508;Risco elevado de não atingir
3510302;274;0.6184262862720429;0.6184262862720429;0.6184262862720429;1.0;0.4854014598540146;0;0.0;35;3.0;0.699;0.617;526.28;0.4;15.03;29.82;1.0;1.0;0.0;26773790.18;845173.72;27618963.9;58.06;47.64;51.45985401459854;38.15737137279571;100.0;SP;Capela do Alto;Capela do Alto - SP;0.8574380165289256;Alto;58.06;47.64;-19.902628627204294;Risco elevado de não atingir
1100338;423;0.5126789915782574;0.5126789915782574;0.5126789915782574;1.0;0.2624113475177305;0;0.0;11;3.0;0.587;0.424;377.34;0.52;37.26;50.09;0.7221135029354208;1.0;0.6457925636007827;28815968.1;0.0;28815968.1;68.5;45.3;73.75886524822694;48.73210084217426;100.0;RO;Nova Mamoré;Nova Mamoré - RO;0.6074380165289256;Moderado;68.5;45.3;-19.767899157825738;Risco elevado de não atingir
2110856;127;0.5143269181430282;0.5143269181430282;0.5143269181430282;1.0;0.25984251968503935;0;0.0;21;3.0;0.584;0.479;253.78;0.51;50.22;44.98;0.3486842105263157;1.0;1.0;7737565.43;8685069.88;16422635.31;68.26;42.73;74.01574803149606;48.56730818569718;100.0;MA;São Francisco do Brejão;São Francisco do Brejão - MA;0.6115702479338843;Moderado;68.26;42.73;-19.692691814302826;Risco elevado de não atingir
3303500;6798;0.7223209950010396;0.7223209950010396;0.7223209950010396;1.0;0.5892909679317446;0;0.0;33;3.0;0.713;0.641;591.0;0.48;19.29;22.75;0.5642201834862385;1.0;0.5818942255801404;359200815.37;35053628.6;394254443.97;47.44;33.42;41.070903206825534;27.767900499896037;100.0;RJ;Nova Iguaçu;Nova Iguaçu - RJ;0.9979338842975206;Alto;47.44;33.42;-19.67209950010396;Risco elevado de não atingir
4310009;189;0.5309214661162964;0.5177744399594977;0.5480767319550459;1.0;0.4444444444444444;0;0.0;43;2.0;0.765;0.671;1062.3;0.49;7.03;22.18;0.9809523809523808;1.0;1.0;16616059.32;0.0;16616059.32;66.47;55.7;55.55555555555556;46.907853388370356;100.0;RS;Ibirubá;Ibirubá - RS;0.640495867768595;Moderado;66.47;55.7;-19.562146611629643;Risco elevado de não atingir
4321451;323;0.395325607392938;0.39722184929940685;0.39722184929940685;0.0;0.3157894736842105;102;0.3157894736842105;43;3.0;0.747;0.65;854.63;0.35;0.86;24.25;1.0;1.0;0.9455587392550144;37085111.28;0.0;37085111.28;80.0;62.9;68.42105263157895;60.4674392607062;0.0;RS;Teutônia;Teutônia - RS;0.3285123966942149;Baixo;80.0;62.9;-19.5325607392938;Risco elevado de não atingir
3551009;2955;0.6459375574298304;0.6487604030469545;0.6487604030469545;1.0;0.555668358714044;0;0.0;35;3.0;0.768;0.716;789.32;0.47;11.36;16.65;0.8286284573709723;1.0;0.5400627316794981;284431839.94;0.0;284431839.94;54.93;47.93;44.43316412859561;35.40624425701696;100.0;SP;São Vicente;São Vicente - SP;0.9256198347107438;Alto;54.93;47.93;-19.52375574298304;Risco elevado de não atingir
3539103;187;0.6428518723285042;0.6428518723285042;0.6428518723285042;1.0;0.5187165775401069;0;0.0;35;3.0;0.727;0.698;546.69;0.47;16.27;20.94;1.0;1.0;0.7322033898305085;27850548.61;0.0;27850548.61;55.2;40.79;48.12834224598931;35.71481276714958;100.0;SP;Pirapora do Bom Jesus;Pirapora do Bom Jesus - SP;0.9173553719008265;Alto;55.2;40.79;-19.48518723285042;Risco elevado de não atingir
4204608;2032;0.5344201895619205;0.5326447911880259;0.5326447911880259;1.0;0.3361220472440945;0;0.0;42;3.0;0.788;0.737;1062.53;0.48;4.85;17.53;1.0;1.0;0.8919753086419753;217056816.15;2473450.82;219530266.97;65.88;59.75;66.38779527559055;46.55798104380795;100.0;SC;Criciúma;Criciúma - SC;0.6549586776859504;Moderado;65.88;59.75;-19.322018956192046;Risco elevado de não atingir
2101301;216;0.47656713448446697;0.47656713448446697;0.47656713448446697;0.0;0.12037037037037036;26;0.12037037037037036;21;3.0;0.578;0.484;230.45;0.58;61.73;38.74;0.8612244897959184;1.0;0.2408163265306122;22545127.17;36821309.16;59366436.33;71.58;57.55;87.96296296296296;52.343286551553305;0.0;MA;Bacuri;Bacuri - MA;0.512396694214876;Moderado;71.58;57.55;-19.236713448446693;Risco elevado de não atingir
2604106;3241;0.5600216306059408;0.5600216306059408;0.5600216306059408;1.0;0.3486578216599815;0;0.0;26;3.0;0.677;0.569;553.99;0.53;28.61;43.18;0.9528840662478584;1.0;0.8897772701313535;289098561.62;123123928.42;412222490.04;63.13;58.370000000000005;65.13421783400184;43.99783693940592;100.0;PE;Caruaru;Caruaru - PE;0.737603305785124;Alto;63.13;58.370000000000005;-19.13216306059408;Risco elevado de não atingir
1721000;3227;0.5339089542075386;0.5339089542075386;0.5339089542075386;1.0;0.41834521227145954;0;0.0;17;3.0;0.788;0.749;1087.35;0.58;12.15;13.16;0.8596734016053141;1.0;0.9778577359535012;411263535.96;0.0;411263535.96;65.61;56.97;58.16547877285405;46.60910457924614;100.0;TO;Palmas;Palmas - TO;0.6528925619834711;Moderado;65.61;56.97;-19.000895420753857;Risco elevado de não atingir
3546801;570;0.44204817742791513;0.44204817742791513;0.44204817742791513;0.0;0.40350877192982454;230;0.40350877192982454;35;3.0;0.738;0.689;623.11;0.45;13.8;22.37;0.957968476357268;1.0;0.5131348511383538;37741469.21;0.0;37741469.21;74.63;67.17;59.64912280701755;55.79518225720849;0.0;SP;Santa Isabel;Santa Isabel - SP;0.4380165289256198;Moderado;74.63;67.17;-18.834817742791508;Risco elevado de não atingir
3502903;345;0.5944502844288981;0.5944502844288981;0.5944502844288981;1.0;0.4434782608695652;0;0.0;35;3.0;0.776;0.723;853.87;0.52;8.57;17.96;1.0;1.0;0.2436194895591647;38032388.56;1194632.4;39227020.96;59.35;56.16;55.65217391304348;40.554971557110186;100.0;SP;Araçoiaba da Serra;Araçoiaba da Serra - SP;0.8037190082644629;Alto;59.35;56.16;-18.795028442889816;Risco elevado de não atingir
2604502;259;0.553360970225165;0.553360970225165;0.553360970225165;1.0;0.3667953667953668;0;0.0;26;3.0;0.599;0.443;341.34;0.55;51.71;56.37;0.7354085603112841;1.0;0.4435797665369649;29728005.93;16111341.25;45839347.18;63.39;58.51;63.320463320463325;44.6639029774835;100.0;PE;Chã Grande;Chã Grande - PE;0.71900826446281;Alto;63.39;58.51;-18.726097022516498;Risco elevado de não atingir
2501906;112;0.5425907794585636;0.5425907794585636;0.5425907794585636;1.0;0.4375;0;0.0;25;3.0;0.592;0.492;256.2;0.49;57.48;54.21;0.5;1.0;0.553030303030303;13081301.11;3745187.02;16826488.13;64.37;34.72;56.25;45.74092205414364;100.0;PB;Belém;Belém - PB;0.6838842975206612;Moderado;64.37;34.72;-18.629077945856366;Risco elevado de não atingir
3302403;2954;0.5220273593782266;0.5220273593782266;0.5220273593782266;1.0;0.36357481381178064;0;0.0;33;3.0;0.764;0.681;1103.42;0.56;9.0;21.12;0.7395307395307396;1.0;0.7677457677457677;239522293.16;17368067.18;256890360.34;66.41;59.46;63.64251861882193;47.797264062177334;100.0;RJ;Macaé;Macaé - RJ;0.6260330578512396;Moderado;66.41;59.46;-18.612735937822663;Risco elevado de não atingir
2400109;102;0.6298178496169694;0.6298178496169695;0.6298178496169695;1.0;0.46078431372549017;0;0.0;24;3.0;0.679;0.634;410.61;0.49;33.68;26.85;1.0;1.0;1.0;9195411.03;1711360.86;10906771.89;55.62;38.21;53.92156862745099;37.01821503830306;100.0;RN;Acari;Acari - RN;0.8822314049586777;Alto;55.62;38.21;-18.601784961696936;Risco elevado de não atingir
2601102;958;0.5399769675626678;0.5399769675626678;0.5399769675626678;1.0;0.4697286012526096;0;0.0;26;3.0;0.602;0.467;324.01;0.56;53.22;55.07;0.8809283551967709;1.0;0.2502522704339051;73615784.84;36392080.05;110007864.89;64.43;52.06;53.027139874739035;46.00230324373322;100.0;PE;Araripina;Araripina - PE;0.6714876033057852;Moderado;64.43;52.06;-18.427696756266783;Risco elevado de não atingir
4313805;101;0.3842138607823509;0.3838683535214893;0.3845662781884297;0.0;0.21782178217821782;22;0.21782178217821782;43;3.0;0.72;0.632;652.86;0.42;12.6;33.32;1.0;1.0;1.0;6824549.78;0.0;6824549.78;80.0;68.4;78.21782178217822;61.57861392176491;0.0;RS;Palmitinho;Palmitinho - RS;0.3140495867768595;Baixo;80.0;68.4;-18.421386078235088;Risco elevado de não atingir
3548500;2370;0.5460728214560239;0.5469651184189429;0.5469651184189429;0.9886075949367089;0.4751054852320675;8;0.0033755274261603376;35;3.0;0.84;0.807;1693.65;0.55;6.13;11.14;1.0;1.0;0.9992280972597452;251646875.64;0.0;251646875.64;63.79;52.77;52.48945147679325;45.39271785439761;98.8607594936709;SP;Santos;Santos - SP;0.6921487603305785;Moderado;63.79;52.77;-18.39728214560239;Risco elevado de não atingir
3526100;181;0.553128308612103;0.553128308612103;0.553128308612103;1.0;0.5248618784530387;0;0.0;35;3.0;0.7;0.637;467.35;0.49;32.37;33.84;0.8705357142857143;1.0;0.4375;13959663.28;0.0;13959663.28;63.08;55.18;47.51381215469613;44.6871691387897;100.0;SP;Juquiá;Juquiá - SP;0.7169421487603306;Alto;63.08;55.18;-18.3928308612103;Risco elevado de não atingir
3305752;380;0.5433075890789454;0.5433075890789454;0.5433075890789454;1.0;0.3868421052631579;0;0.0;33;3.0;0.654;0.548;440.84;0.42;25.8;39.79;0.828009828009828;1.0;0.9213759213759214;31673642.89;3511941.72;35185584.61;63.44;54.46;61.31578947368421;45.66924109210546;100.0;RJ;Tanguá;Tanguá - RJ;0.6900826446280992;Moderado;63.44;54.46;-17.77075890789454;Risco elevado de não atingir
3510500;1417;0.5500335545989139;0.5500335545989139;0.5500335545989139;1.0;0.43966125617501767;0;0.0;35;3.0;0.759;0.705;773.99;0.5;11.82;18.5;1.0;1.0;0.8432178508514386;160141056.09;0.0;160141056.09;62.72;58.19;56.033874382498226;44.99664454010861;100.0;SP;Caraguatatuba;Caraguatatuba - SP;0.7045454545454546;Alto;62.72;58.19;-17.723355459891387;Risco elevado de não atingir
3515186;275;0.47598341330716765;0.4763372344488829;0.4763372344488829;0.0;0.2109090909090909;58;0.2109090909090909;35;3.0;0.787;0.712;1048.6;0.57;6.55;21.43;1.0;1.0;0.6329113924050633;17844513.64;0.0;17844513.64;70.09;61.16;78.9090909090909;52.401658669283236;0.0;SP;Espírito Santo do Pinhal;Espírito Santo do Pinhal - SP;0.506198347107438;Moderado;70.09;61.16;-17.688341330716767;Risco elevado de não atingir
1506708;619;0.5481920943119534;0.5481920943119534;0.5481920943119534;1.0;0.22617124394184168;0;0.0;15;3.0;0.602;0.478;316.81;0.46;31.94;38.62;0.2759124087591241;1.0;0.5401459854014599;63039824.21;84856186.46;147896010.67;62.85;58.51;77.38287560581583;45.18079056880466;100.0;PA;Santana do Araguaia;Santana do Araguaia - PA;0.6983471074380165;Moderado;62.85;58.51;-17.66920943119534;Risco elevado de não atingir
4218707;949;0.4425417189832181;0.4548652295556376;0.4548652295556376;0.0;0.3898840885142255;370;0.3898840885142255;42;2.0;0.796;0.74;1077.62;0.47;3.46;14.75;0.9574861367837338;1.0;0.9048059149722736;55412337.89;0.0;55412337.89;73.35;68.26;61.01159114857745;55.745828101678185;0.0;SC;Tubarão;Tubarão - SC;0.44214876033057854;Moderado;73.35;68.26;-17.60417189832181;Risco elevado de não atingir
4119152;1393;0.4921388061632106;0.4921388061632106;0.4921388061632106;0.0;0.2972002871500359;414;0.2972002871500359;41;3.0;0.751;0.666;911.51;0.48;5.45;19.79;0.9166666666666666;1.0;0.9653954802259888;98747031.44;0.0;98747031.44;68.31;57.370000000000005;70.2799712849964;50.78611938367894;0.0;PR;Pinhais;Pinhais - PR;0.5433884297520661;Moderado;68.31;57.370000000000005;-17.523880616321065;Risco elevado de não atingir
3520905;144;0.5371628362500491;0.5371628362500491;0.5371628362500491;1.0;0.3125;0;0.0;35;3.0;0.727;0.65;677.42;0.48;12.4;30.69;1.0;1.0;1.0;16080527.41;305304.36;16385831.77;63.68;54.96;68.75;46.28371637499509;100.0;SP;Ipaussu;Ipaussu - SP;0.6632231404958677;Moderado;63.68;54.96;-17.396283625004912;Risco elevado de não atingir
4218301;282;0.5774325775113958;0.5757478820069802;0.5915840197484856;1.0;0.4432624113475177;0;0.0;42;3.0;0.706;0.639;539.69;0.47;20.9;31.08;1.0;1.0;0.9473684210526316;27416042.85;165476.4;27581519.25;59.64;47.98;55.67375886524823;42.25674224886043;100.0;SC;Três Barras;Três Barras - SC;0.7706611570247934;Alto;59.64;47.98;-17.383257751139574;Risco elevado de não atingir
3157708;210;0.4888798428250354;0.4888798428250354;0.4888798428250354;0.0;0.3476190476190476;73;0.3476190476190476;31;3.0;0.706;0.558;735.0;0.43;5.07;26.9;0.7747747747747747;1.0;0.536036036036036;11452839.38;379973.71;11832813.09;68.42;58.13;65.23809523809524;51.11201571749646;0.0;MG;Santa Juliana;Santa Juliana - MG;0.5392561983471075;Moderado;68.42;58.13;-17.30798428250354;Risco elevado de não atingir
4318408;164;0.37293167416367695;0.37301073821204556;0.37301073821204556;0.0;0.4878048780487805;80;0.4878048780487805;43;2.0;0.696;0.56;768.93;0.55;20.13;37.98;0.8578680203045685;1.0;0.4923857868020304;11964070.53;331619.72;12295690.25;80.0;71.9;51.21951219512195;62.7068325836323;0.0;RS;São Jerônimo;São Jerônimo - RS;0.2871900826446281;Baixo;80.0;71.9;-17.2931674163677;Risco elevado de não atingir
2613206;292;0.501758880284842;0.501758880284842;0.501758880284842;1.0;0.2671232876712329;0;0.0;26;3.0;0.57;0.426;269.44;0.56;59.98;61.37;1.0;1.0;0.0;25026686.59;10457881.37;35484567.96;67.04;54.47;73.28767123287672;49.824111971515805;100.0;PE;São João;São João - PE;0.5723140495867769;Moderado;67.04;54.47;-17.2158880284842;Risco elevado de não atingir
2109106;501;0.5412927472878724;0.5412927472878724;0.5412927472878724;1.0;0.3253493013972056;0;0.0;21;3.0;0.653;0.563;398.15;0.56;42.09;41.59;0.4714285714285714;1.0;0.5387755102040817;31533984.17;47862336.38;79396320.55;63.01;45.11;67.46506986027944;45.87072527121276;100.0;MA;Presidente Dutra;Presidente Dutra - MA;0.6776859504132231;Moderado;63.01;45.11;-17.139274728787235;Risco elevado de não atingir
4217006;190;0.46750028246428166;0.46750028246428166;0.46750028246428166;0.0;0.3894736842105263;74;0.3894736842105263;42;3.0;0.755;0.683;884.18;0.44;4.68;20.42;1.0;1.0;0.6697674418604651;14006881.61;411028.14;14417909.75;70.37;68.64;61.05263157894737;53.249971753571835;0.0;SC;São Ludgero;São Ludgero - SC;0.49586776859504134;Moderado;70.37;68.64;-17.12002824642817;Risco elevado de não atingir
4122602;118;0.4498226924499301;0.4498226924499301;0.4498226924499301;0.0;0.11016949152542373;13;0.11016949152542373;41;3.0;0.713;0.61;724.58;0.41;2.87;29.84;1.0;1.0;0.9714285714285714;7349217.21;138743.19;7487960.4;72.08;41.63;88.98305084745762;55.01773075500699;0.0;PR;Rondon;Rondon - PR;0.45661157024793386;Moderado;72.08;41.63;-17.06226924499301;Risco elevado de não atingir
3500709;359;0.5228611532047434;0.5228611532047434;0.5228611532047434;1.0;0.4735376044568245;0;0.0;35;3.0;0.745;0.694;642.59;0.41;11.28;19.95;0.7827298050139275;1.0;0.724233983286908;30351190.77;0.0;30351190.77;64.66;64.6;52.64623955431755;47.71388467952566;100.0;SP;Agudos;Agudos - SP;0.628099173553719;Moderado;64.66;64.6;-16.946115320474334;Risco elevado de não atingir
3135357;107;0.40453782281260553;0.40709481624371824;0.40709481624371824;0.0;0.1588785046728972;17;0.1588785046728972;31;2.0;0.608;0.514;254.77;0.46;48.18;39.97;0.6288659793814433;1.0;0.9278350515463918;7048960.23;494006.69;7542966.92;76.48;60.75;84.11214953271028;59.54621771873945;0.0;MG;Japonvar;Japonvar - MG;0.34917355371900827;Baixo;76.48;60.75;-16.933782281260555;Risco elevado de não atingir
3152808;325;0.5350582982811607;0.5350582982811607;0.5350582982811607;1.0;0.36923076923076925;0;0.0;31;3.0;0.695;0.536;782.28;0.51;6.64;38.41;0.4296875;1.0;0.7291666666666666;20501645.34;0.0;20501645.34;63.42;50.5;63.07692307692307;46.49417017188393;100.0;MG;Prata;Prata - MG;0.6570247933884298;Moderado;63.42;50.5;-16.925829828116072;Risco elevado de não atingir
3305554;855;0.5955962777929673;0.5955962777929673;0.5955962777929673;1.0;0.543859649122807;0;0.0;33;3.0;0.713;0.648;604.82;0.47;18.01;26.26;0.6809864757358791;1.0;0.858392999204455;79892381.66;6980271.21;86872652.87;57.34;50.53;45.614035087719294;40.44037222070327;100.0;RJ;Seropédica;Seropédica - RJ;0.8099173553719008;Alto;57.34;50.53;-16.899627779296736;Risco elevado de não atingir
3504107;1671;0.4327481756797579;0.4327474064419927;0.4327474064419927;0.0;0.3500897666068223;585;0.3500897666068223;35;3.0;0.765;0.67;1063.52;0.53;8.95;24.4;1.0;1.0;0.6915584415584416;120261581.73;3644349.31;123905931.04;73.5;65.46000000000001;64.99102333931776;56.72518243202421;0.0;SP;Atibaia;Atibaia - SP;0.4256198347107438;Moderado;73.5;65.46000000000001;-16.774817567975788;Risco elevado de não atingir
5008404;116;0.4668700854890418;0.468484720183151;0.468484720183151;0.0;0.43103448275862066;50;0.43103448275862066;50;3.0;0.711;0.626;583.56;0.46;15.8;33.32;1.0;1.0;0.8131868131868132;4918071.26;0.0;4918071.26;70.06;53.73;56.896551724137936;53.312991451095826;0.0;MS;Vicentina;Vicentina - MS;0.493801652892562;Moderado;70.06;53.73;-16.747008548904176;Risco elevado de não atingir
3553807;214;0.5520536818597228;0.5520536818597228;0.5520536818597228;1.0;0.42990654205607476;0;0.0;35;3.0;0.701;0.606;624.86;0.48;15.95;29.55;1.0;1.0;0.2713178294573643;18679251.16;0.0;18679251.16;61.5;56.67;57.009345794392516;44.79463181402772;100.0;SP;Taquarituba;Taquarituba - SP;0.7107438016528925;Alto;61.5;56.67;-16.705368185972283;Risco elevado de não atingir
2609907;640;0.669479237632756;0.669479237632756;0.669479237632756;1.0;0.5484375;0;0.0;26;3.0;0.572;0.419;291.75;0.6;58.37;57.43;0.5;1.0;0.5362116991643454;52825573.09;14918014.18;67743587.27;49.75;30.78;45.15625;33.0520762367244;100.0;PE;Ouricuri;Ouricuri - PE;0.9504132231404959;Alto;49.75;30.78;-16.697923763275597;Risco elevado de não atingir
1502202;766;0.4881982567517327;0.48934435897580886;0.48934435897580886;0.0;0.34986945169712796;268;0.34986945169712796;15;3.0;0.655;0.58;356.27;0.53;43.78;34.07;0.4540942928039702;1.0;0.3722084367245657;31826118.22;28013190.48;59839308.7;67.83;59.49;65.0130548302872;51.18017432482673;0.0;PA;Capanema;Capanema - PA;0.5351239669421488;Moderado;67.83;59.49;-16.64982567517327;Risco elevado de não atingir
3534609;192;0.5119664052684323;0.5119664052684323;0.5119664052684323;1.0;0.3489583333333333;0;0.0;35;3.0;0.762;0.713;797.55;0.46;10.22;11.66;1.0;1.0;1.0;18437881.7;0.0;18437881.7;65.39;59.23;65.10416666666667;48.803359473156775;100.0;SP;Osvaldo Cruz;Osvaldo Cruz - SP;0.6033057851239669;Moderado;65.39;59.23;-16.586640526843226;Risco elevado de não atingir
3527207;657;0.6186943849132465;0.6186943849132465;0.6186943849132465;1.0;0.4535768645357686;0;0.0;35;3.0;0.766;0.713;781.28;0.52;16.16;13.28;1.0;1.0;0.6191744340878829;57802086.46;0.0;57802086.46;54.48;47.82;54.64231354642314;38.130561508675356;100.0;SP;Lorena;Lorena - SP;0.859504132231405;Alto;54.48;47.82;-16.34943849132464;Risco elevado de não atingir
3539400;121;0.5727587452409278;0.5727587452409278;0.5727587452409278;1.0;0.35537190082644626;0;0.0;35;3.0;0.779;0.723;917.62;0.48;7.03;12.09;1.0;1.0;1.0;8770327.68;0.0;8770327.68;59.02;44.37;64.46280991735537;42.724125475907215;100.0;SP;Piratininga;Piratininga - SP;0.762396694214876;Alto;59.02;44.37;-16.29587452409279;Risco elevado de não atingir
2101400;1289;0.636817070178106;0.636817070178106;0.636817070178106;1.0;0.46314972847168345;0;0.0;21;3.0;0.687;0.597;531.6;0.58;30.79;35.86;0.7327905255366395;1.0;0.6402664692820134;63272090.04;55259305.08;118531395.12;52.53;39.54;53.68502715283165;36.318292982189405;100.0;MA;Balsas;Balsas - MA;0.9049586776859504;Alto;52.53;39.54;-16.211707017810596;Risco elevado de não atingir
4203808;641;0.4041680051910672;0.39515797011760423;0.4194244931515948;0.0;0.24024960998439937;154;0.24024960998439937;42;3.0;0.757;0.692;692.87;0.49;15.61;25.38;0.9497126436781608;1.0;0.9885057471264368;51690002.02;0.0;51690002.02;75.78;71.93;75.97503900156006;59.58319948089328;0.0;SC;Canoinhas;Canoinhas - SC;0.34710743801652894;Baixo;75.78;71.93;-16.196800519106723;Risco elevado de não atingir
4203907;280;0.414570703833835;0.414570703833835;0.414570703833835;0.0;0.21071428571428572;59;0.21071428571428572;42;3.0;0.752;0.659;811.66;0.45;6.3;26.5;1.0;1.0;1.0;27236801.68;0.0;27236801.68;74.66;69.54;78.92857142857143;58.542929616616505;0.0;SC;Capinzal;Capinzal - SC;0.3760330578512397;Baixo;74.66;69.54;-16.117070383383492;Risco elevado de não atingir
4124103;479;0.4933185725233977;0.4933185725233977;0.4933185725233977;0.0;0.2818371607515658;135;0.2818371607515658;41;3.0;0.718;0.617;765.04;0.54;16.73;31.71;0.7977707006369427;1.0;0.6130573248407644;32292860.6;1146702.23;33439562.83;66.77;55.04;71.81628392484343;50.66814274766023;0.0;PR;Santo Antônio da Platina;Santo Antônio da Platina - PR;0.5475206611570248;Moderado;66.77;55.04;-16.10185725233977;Risco elevado de não atingir
3124203;244;0.4184718448857357;0.4147933460847606;0.422666624220181;0.0;0.2827868852459016;69;0.2827868852459016;31;3.0;0.663;0.52;496.04;0.5;30.11;51.88;0.6431372549019608;1.0;0.9686274509803922;16067299.19;3412664.78;19479963.97;74.22;61.52;71.72131147540983;58.15281551142644;0.0;MG;Espera Feliz;Espera Feliz - MG;0.3822314049586777;Baixo;74.22;61.52;-16.06718448857356;Risco elevado de não atingir
3303906;2143;0.4785193014523533;0.47851930145235333;0.47851930145235333;0.0;0.31824545030331314;682;0.31824545030331314;33;3.0;0.745;0.639;922.49;0.55;12.97;27.03;0.7265151515151516;1.0;0.7734848484848484;219808768.36;20995516.47;240804284.83;68.17;64.81;68.17545496966868;52.14806985476468;0.0;RJ;Petrópolis;Petrópolis - RJ;0.5165289256198347;Moderado;68.17;64.81;-16.021930145235324;Risco elevado de não atingir
2308302;200;0.39283307641769727;0.39283307641769727;0.39283307641769727;0.0;0.275;55;0.275;23;3.0;0.628;0.569;261.96;0.47;51.29;37.66;0.5584905660377358;1.0;0.430188679245283;20240628.46;17850799.15;38091427.61;76.7;79.33;72.5;60.716692358230276;0.0;CE;Milagres;Milagres - CE;0.3243801652892562;Baixo;76.7;79.33;-15.983307641769727;Risco elevado de não atingir
1301209;992;0.6421056014869656;0.668470047183652;0.668470047183652;1.0;0.530241935483871;0;0.0;13;3.0;0.586;0.425;347.2;0.64;46.63;46.39;0.5531914893617021;1.0;0.7175348495964784;54727317.59;30640569.09;85367886.68;51.74;32.72;46.9758064516129;35.78943985130344;100.0;AM;Coari;Coari - AM;0.9152892561983471;Alto;51.74;32.72;-15.95056014869656;Risco elevado de não atingir
2900801;300;0.5940664009777081;0.5940664009777081;0.5940664009777081;1.0;0.31;0;0.0;29;3.0;0.608;0.476;357.99;0.53;45.23;50.66;0.4031413612565445;1.0;0.2853403141361256;25987108.71;14690106.68;40677215.39;56.52;29.6;69.0;40.59335990222919;100.0;BA;Alcobaça;Alcobaça - BA;0.8016528925619835;Alto;56.52;29.6;-15.926640097770814;Risco elevado de não atingir
4203006;890;0.4280486320107018;0.42094627498925286;0.4506227902431944;0.0;0.3404494382022472;303;0.3404494382022472;42;3.0;0.735;0.62;744.28;0.48;12.39;33.67;1.0;1.0;0.9042553191489362;75196577.14;2188720.98;77385298.12;73.04;65.51;65.95505617977528;57.19513679892982;0.0;SC;Caçador;Caçador - SC;0.4090909090909091;Moderado;73.04;65.51;-15.844863201070183;Risco elevado de não atingir
3524303;466;0.5397873453664082;0.5397873453664082;0.5397873453664082;1.0;0.4227467811158798;0;0.0;35;3.0;0.778;0.71;1015.51;0.52;7.91;20.0;1.0;1.0;0.822;47748366.19;0.0;47748366.19;61.83;57.94;57.72532188841202;46.021265463359185;100.0;SP;Jaboticabal;Jaboticabal - SP;0.6694214876033058;Moderado;61.83;57.94;-15.808734536640813;Risco elevado de não atingir
2802809;224;0.6437520156436308;0.6437520156436309;0.6437520156436309;1.0;0.45535714285714285;0;0.0;28;3.0;0.58;0.475;220.89;0.53;65.28;50.83;1.0;1.0;0.0;26451666.51;704427.02;27156093.53;51.41;34.31;54.46428571428572;35.62479843563692;100.0;SE;Indiaroba;Indiaroba - SE;0.9214876033057852;Alto;51.41;34.31;-15.785201564363078;Risco elevado de não atingir
2413359;110;0.6878202901537955;0.6878202901537955;0.6878202901537955;1.0;0.7272727272727273;0;0.0;24;3.0;0.614;0.521;284.48;0.5;43.06;40.12;0.4461538461538462;1.0;0.2256410256410256;20134896.92;3467238.99;23602135.91;46.99;27.68;27.27272727272727;31.217970984620447;100.0;RN;Serra do Mel;Serra do Mel - RN;0.9710743801652892;Alto;46.99;27.68;-15.772029015379555;Risco elevado de não atingir
3305505;1296;0.4684570217162456;0.4684570217162456;0.4684570217162456;0.0;0.2993827160493827;388;0.2993827160493827;33;3.0;0.709;0.621;681.62;0.52;15.86;27.26;0.8547925608011445;1.0;0.8841201716738197;107887095.49;7823030.99;115710126.48;68.84;62.51;70.06172839506173;53.15429782837544;0.0;RJ;Saquarema;Saquarema - RJ;0.49793388429752067;Moderado;68.84;62.51;-15.685702171624563;Risco elevado de não atingir
2709103;254;0.6006698140509322;0.6006698140509322;0.6006698140509322;1.0;0.3937007874015748;0;0.0;27;3.0;0.541;0.421;215.16;0.51;65.98;65.83;0.9122137404580152;1.0;0.6374045801526718;36391700.22;26140239.48;62531939.7;55.59;38.96;60.629921259842526;39.93301859490678;100.0;AL;Taquarana;Taquarana - AL;0.8181818181818182;Alto;55.59;38.96;-15.656981405093227;Risco elevado de não atingir
3531407;163;0.40059672208414826;0.4005967220841482;0.4005967220841482;0.0;0.18404907975460122;30;0.18404907975460122;35;3.0;0.785;0.72;1032.05;0.5;3.43;15.75;1.0;1.0;0.7743589743589744;20119050.76;0.0;20119050.76;75.51;65.44;81.59509202453987;59.940327791585176;0.0;SP;Monte Aprazível;Monte Aprazível - SP;0.3409090909090909;Baixo;75.51;65.44;-15.56967220841483;Risco elevado de não atingir
3538204;137;0.3686454223620115;0.3686454223620115;0.3686454223620115;0.0;0.23357664233576642;32;0.23357664233576642;35;3.0;0.725;0.666;652.43;0.42;11.31;28.18;1.0;1.0;0.124223602484472;16836625.1;0.0;16836625.1;78.66;78.79;76.64233576642336;63.135457763798854;0.0;SP;Pinhalzinho;Pinhalzinho - SP;0.27892561983471076;Baixo;78.66;78.79;-15.524542236201142;Risco elevado de não atingir
4202909;1608;0.4307603461988661;0.4236332588611095;0.4427338529262973;0.0;0.32027363184079605;515;0.32027363184079605;42;3.0;0.795;0.707;1116.93;0.4;1.76;22.57;0.934040047114252;1.0;0.9770318021201412;127953761.21;3811141.66;131764902.87;72.25;67.18;67.9726368159204;56.923965380113394;0.0;SC;Brusque;Brusque - SC;0.4214876033057851;Moderado;72.25;67.18;-15.326034619886606;Risco elevado de não atingir
3513603;150;0.5556261343552049;0.5556261343552049;0.5556261343552049;1.0;0.4066666666666667;0;0.0;35;3.0;0.684;0.576;525.19;0.54;26.98;43.44;0.9247311827956988;1.0;0.6666666666666666;11410906.91;0.0;11410906.91;59.73;58.09;59.33333333333333;44.43738656447951;100.0;SP;Cunha;Cunha - SP;0.7252066115702479;Alto;59.73;58.09;-15.292613435520487;Risco elevado de não atingir
2707701;1284;0.6490609936909759;0.6490609936909759;0.6490609936909759;1.0;0.47897196261682246;0;0.0;27;3.0;0.643;0.547;369.11;0.48;36.51;40.06;0.6758720930232558;1.0;0.467296511627907;96653195.63;68413508.8;165066704.43;50.31;38.78;52.102803738317746;35.09390063090241;100.0;AL;Rio Largo;Rio Largo - AL;0.9318181818181818;Alto;50.31;38.78;-15.216099369097591;Risco elevado de não atingir
3121209;102;0.3572015509230423;0.3572015509230423;0.3572015509230423;0.0;0.28431372549019607;29;0.28431372549019607;31;3.0;0.74;0.661;632.28;0.47;7.59;24.58;1.0;1.0;0.1262135922330097;5486396.21;0.0;5486396.21;79.45;68.3;71.56862745098039;64.27984490769578;0.0;MG;Delfinópolis;Delfinópolis - MG;0.2603305785123967;Baixo;79.45;68.3;-15.170155092304228;Risco elevado de não atingir
2803005;511;0.49233929785551334;0.49233929785551334;0.49233929785551334;0.0;0.2583170254403131;132;0.2583170254403131;28;3.0;0.556;0.407;253.22;0.51;63.24;67.71;0.9737903225806452;1.0;0.2782258064516129;60798119.28;7082277.21;67880396.49;65.87;58.61;74.16829745596868;50.76607021444867;0.0;SE;Itabaianinha;Itabaianinha - SE;0.5454545454545454;Moderado;65.87;58.61;-15.103929785551337;Risco elevado de não atingir
3519709;950;0.5897600186737406;0.5897600186737406;0.5897600186737406;1.0;0.40421052631578946;0;0.0;35;3.0;0.71;0.614;624.55;0.48;15.05;35.25;0.879162702188392;1.0;0.0922930542340628;62269294.4;1947028.11;64216322.51;56.09;53.06;59.578947368421055;41.02399813262594;100.0;SP;Ibiúna;Ibiúna - SP;0.7933884297520661;Alto;56.09;53.06;-15.066001867374062;Risco elevado de não atingir
2905701;2381;0.6733203840331152;0.6733203840331152;0.6733203840331152;1.0;0.505669886602268;0;0.0;29;3.0;0.694;0.616;553.18;0.53;25.68;28.19;0.8316044260027663;0.9778699861687412;0.9118257261410788;175616945.81;66561201.05;242178146.86;47.7;36.56;49.4330113397732;32.66796159668848;100.0;BA;Camaçari;Camaçari - BA;0.9566115702479339;Alto;47.7;36.56;-15.032038403311525;Risco elevado de não atingir
2929057;172;0.5194100381753648;0.5194100381753648;0.5194100381753648;1.0;0.3546511627906977;0;0.0;29;3.0;0.639;0.555;335.9;0.5;38.89;39.34;0.8137254901960784;1.0;0.8578431372549019;16154709.08;14444742.7;30599451.78;63.09;36.59;64.53488372093024;48.05899618246352;100.0;BA;São Félix do Coribe;São Félix do Coribe - BA;0.6157024793388429;Moderado;63.09;36.59;-15.031003817536487;Risco elevado de não atingir
3509007;929;0.5953021435399581;0.5977033732433115;0.5977033732433115;1.0;0.3110871905274489;0;0.0;35;3.0;0.781;0.749;800.15;0.47;9.12;16.97;1.0;1.0;0.4663594470046083;69098250.33;0.0;69098250.33;55.49;52.21;68.89128094725511;40.46978564600418;100.0;SP;Caieiras;Caieiras - SP;0.8078512396694215;Alto;55.49;52.21;-15.020214353995819;Risco elevado de não atingir
4204806;461;0.5590055318720492;0.5537874089149017;0.5685454131065887;1.0;0.32537960954446854;0;0.0;42;3.0;0.721;0.62;687.47;0.51;19.92;30.09;0.9906191369606004;1.0;1.0;34379734.35;388912.45;34768646.8;58.78;53.48;67.46203904555314;44.09944681279509;100.0;SC;Curitibanos;Curitibanos - SC;0.7334710743801653;Alto;58.78;53.48;-14.680553187204914;Risco elevado de não atingir
3554102;2450;0.5881602168158973;0.5881602168158973;0.5881602168158973;1.0;0.4608163265306122;0;0.0;35;3.0;0.8;0.746;1011.95;0.51;7.72;13.69;0.9608122550765942;1.0;0.420377627360171;310848312.55;3771533.78;314619846.33;55.84;53.88;53.91836734693878;41.183978318410276;100.0;SP;Taubaté;Taubaté - SP;0.7871900826446281;Alto;55.84;53.88;-14.656021681589728;Risco elevado de não atingir
3300902;116;0.42180850509987794;0.4218085050998779;0.4218085050998779;0.0;0.1810344827586207;21;0.1810344827586207;33;3.0;0.691;0.608;524.88;0.47;20.25;34.72;0.546875;1.0;0.7578125;9719220.83;704753.11;10423973.94;72.46;64.38;81.89655172413794;57.81914949001221;0.0;RJ;Cambuci;Cambuci - RJ;0.3925619834710744;Baixo;72.46;64.38;-14.640850509987786;Risco elevado de não atingir
2403103;277;0.6081835837688867;0.6126958621114527;0.6126958621114527;1.0;0.44765342960288806;0;0.0;24;3.0;0.691;0.617;526.96;0.58;35.61;25.16;0.9296636085626911;1.0;0.6513761467889908;30770608.45;3222851.91;33993460.36;53.54;46.77;55.2346570397112;39.18164162311133;100.0;RN;Currais Novos;Currais Novos - RN;0.8388429752066116;Alto;53.54;46.77;-14.358358376888667;Risco elevado de não atingir
3515004;2795;0.6736710350707413;0.6943539352244013;0.6943539352244013;1.0;0.48372093023255813;0;0.0;35;3.0;0.735;0.676;622.77;0.45;12.11;22.72;0.9663617586308646;1.0;0.8663322514015934;182203747.46;0.0;182203747.46;46.94;40.5;51.627906976744185;32.632896492925866;100.0;SP;Embu das Artes;Embu das Artes - SP;0.9586776859504132;Alto;46.94;40.5;-14.307103507074132;Risco elevado de não atingir
2925956;283;0.5558563817658594;0.5558563817658594;0.5558563817658594;1.0;0.4628975265017668;0;0.0;29;3.0;0.564;0.435;226.94;0.5;62.85;56.29;0.8327137546468402;1.0;0.4535315985130111;18653724.58;8059456.72;26713181.3;58.68;33.53;53.71024734982333;44.41436182341406;100.0;BA;Rafael Jambeiro;Rafael Jambeiro - BA;0.7272727272727273;Alto;58.68;33.53;-14.265638176585938;Risco elevado de não atingir
2706505;201;0.6007147923226099;0.6007147923226099;0.6007147923226099;1.0;0.44776119402985076;0;0.0;27;3.0;0.533;0.421;194.73;0.48;65.62;62.09;0.965686274509804;1.0;0.3088235294117647;18529250.34;9681329.22;28210579.56;54.15;32.59;55.223880597014926;39.92852076773901;100.0;AL;Passo de Camaragibe;Passo de Camaragibe - AL;0.8202479338842975;Alto;54.15;32.59;-14.22147923226099;Risco elevado de não atingir
3521408;247;0.47989261608526634;0.47989261608526634;0.47989261608526634;0.0;0.3319838056680162;82;0.3319838056680162;35;3.0;0.776;0.729;808.74;0.4;6.66;16.83;1.0;1.0;0.796875;15867146.77;0.0;15867146.77;66.22;62.26;66.80161943319838;52.01073839147337;0.0;SP;Iracemápolis;Iracemápolis - SP;0.518595041322314;Moderado;66.22;62.26;-14.209261608526631;Risco elevado de não atingir
3529005;2040;0.4822639913049354;0.4889615960520667;0.4889615960520667;0.0;0.2823529411764706;576;0.2823529411764706;35;3.0;0.798;0.776;953.2;0.5;8.92;11.9;1.0;1.0;0.9112860892388452;146138150.12;4311826.95;150449977.07;65.94;64.28;71.76470588235294;51.77360086950647;0.0;SP;Marília;Marília - SP;0.5206611570247934;Moderado;65.94;64.28;-14.16639913049353;Risco elevado de não atingir
1504059;359;0.5742436934277642;0.5742436934277642;0.5742436934277642;1.0;0.3871866295264624;0;0.0;15;3.0;0.599;0.458;367.01;0.58;50.0;52.68;0.3364705882352941;1.0;0.7717647058823529;33156786.5;36348844.42;69505630.92;56.63;46.97;61.281337047353766;42.575630657223584;100.0;PA;Mãe do Rio;Mãe do Rio - PA;0.7665289256198347;Alto;56.63;46.97;-14.054369342776418;Risco elevado de não atingir
2601904;506;0.5319666369757403;0.5319666369757403;0.5319666369757403;1.0;0.34189723320158105;0;0.0;26;3.0;0.606;0.487;351.75;0.52;47.99;56.97;0.8546637744034707;1.0;0.8937093275488069;38192948.77;15387760.14;53580708.91;60.78;56.84;65.81027667984189;46.80333630242597;100.0;PE;Bezerros;Bezerros - PE;0.6466942148760331;Moderado;60.78;56.84;-13.976663697574033;Risco elevado de não atingir
3305604;273;0.5051439236908655;0.5051439236908655;0.5051439236908655;1.0;0.3553113553113553;0;0.0;33;3.0;0.654;0.536;476.99;0.49;27.17;44.05;0.893491124260355;1.0;0.7218934911242604;25158655.55;1824286.22;26982941.77;63.43;57.35;64.46886446886447;49.48560763091345;100.0;RJ;Silva Jardim;Silva Jardim - RJ;0.5785123966942148;Moderado;63.43;57.35;-13.94439236908655;Risco elevado de não atingir
2503001;208;0.6293355719750409;0.6293355719750409;0.6293355719750409;1.0;0.3605769230769231;0;0.0;25;3.0;0.602;0.509;268.46;0.47;45.59;48.9;1.0;1.0;0.8101694915254237;25186314.25;10426003.78;35612318.03;50.99;29.81;63.942307692307686;37.066442802495914;100.0;PB;Caaporã;Caaporã - PB;0.8801652892561983;Alto;50.99;29.81;-13.923557197504088;Risco elevado de não atingir
3170404;958;0.49792859526079514;0.48338716477542665;0.5134750490194504;0.48329853862212946;0.302713987473904;138;0.1440501043841336;31;2.0;0.736;0.651;720.51;0.54;18.35;27.92;0.6265060240963856;1.0;0.9855421686746988;51941087.3;0.0;51941087.3;64.12;59.06;69.72860125260961;50.20714047392049;48.32985386221294;MG;Unaí;Unaí - MG;0.5619834710743802;Moderado;64.12;59.06;-13.912859526079515;Risco elevado de não atingir
4125506;3862;0.4256070152991228;0.4256070152991228;0.4256070152991228;0.0;0.2560849300880373;989;0.2560849300880373;41;3.0;0.758;0.678;846.93;0.45;4.84;20.05;0.9514318442153492;1.0;0.7287514318442153;218355934.06;0.0;218355934.06;71.26;64.3;74.39150699119628;57.43929847008772;0.0;PR;São José dos Pinhais;São José dos Pinhais - PR;0.4049586776859504;Moderado;71.26;64.3;-13.820701529912284;Risco elevado de não atingir
2906899;107;0.5637462863372985;0.5637462863372985;0.5637462863372985;1.0;0.3925233644859813;0;0.0;29;3.0;0.555;0.405;277.97;0.49;55.3;59.12;0.5565217391304348;1.0;0.3826086956521739;9133439.93;4984289.28;14117729.21;57.41;35.56;60.747663551401864;43.62537136627015;100.0;BA;Caraíbas;Caraíbas - BA;0.7458677685950413;Alto;57.41;35.56;-13.784628633729845;Risco elevado de não atingir
2103174;251;0.6098737031208843;0.6098737031208843;0.6098737031208843;1.0;0.24701195219123506;0;0.0;21;3.0;0.518;0.382;188.88;0.56;63.64;58.82;0.6104972375690608;1.0;0.2651933701657458;27528304.41;52861144.08;80389448.49;52.68;36.86;75.2988047808765;39.01262968791157;100.0;MA;Centro Novo do Maranhão;Centro Novo do Maranhão - MA;0.8409090909090909;Alto;52.68;36.86;-13.66737031208843;Risco elevado de não atingir
4210001;223;0.33603815888251054;0.3279723679751415;0.3619095636797319;0.0;0.45739910313901344;102;0.45739910313901344;42;3.0;0.737;0.6;937.32;0.44;3.46;40.81;0.8571428571428571;1.0;0.4285714285714285;13886941.81;0.0;13886941.81;80.0;76.19;54.26008968609865;66.39618411174895;0.0;SC;Luiz Alves;Luiz Alves - SC;0.22727272727272727;Baixo;80.0;76.19;-13.603815888251049;Risco elevado de não atingir
4103602;261;0.45416430398231666;0.45416430398231666;0.45416430398231666;0.0;0.23371647509578544;61;0.23371647509578544;41;3.0;0.721;0.645;666.89;0.47;15.31;22.22;1.0;1.0;0.8838383838383839;17191633.15;0.0;17191633.15;68.18;58.04;76.62835249042146;54.58356960176833;0.0;PR;Cambará;Cambará - PR;0.47520661157024796;Moderado;68.18;58.04;-13.596430398231675;Risco elevado de não atingir
3537909;301;0.49131647838312864;0.49131647838312864;0.49131647838312864;0.0;0.32558139534883723;98;0.32558139534883723;35;3.0;0.69;0.594;531.06;0.43;12.51;27.48;1.0;1.0;0.8672566371681416;24752999.5;714174.87;25467174.37;64.29;63.33;67.44186046511628;50.868352161687135;0.0;SP;Pilar do Sul;Pilar do Sul - SP;0.5413223140495868;Moderado;64.29;63.33;-13.421647838312872;Risco elevado de não atingir
3162559;150;0.3559358383528355;0.3559358383528355;0.3559358383528355;0.0;0.18666666666666668;28;0.18666666666666668;31;3.0;0.65;0.498;484.15;0.57;34.68;51.78;0.8797814207650273;1.0;1.0;13875058.83;3895728.18;17770787.01;77.7;71.72;81.33333333333333;64.40641616471645;0.0;MG;São João do Manhuaçu;São João do Manhuaçu - MG;0.25206611570247933;Baixo;77.7;71.72;-13.293583835283556;Risco elevado de não atingir
3105400;350;0.47537146918748685;0.47537146918748685;0.47537146918748685;0.0;0.21428571428571427;75;0.21428571428571427;31;3.0;0.722;0.647;546.85;0.42;19.63;26.08;0.7639257294429708;1.0;0.610079575596817;25368495.43;0.0;25368495.43;65.68;62.71;78.57142857142857;52.46285308125132;0.0;MG;Barão de Cocais;Barão de Cocais - MG;0.5041322314049587;Moderado;65.68;62.71;-13.21714691874869;Risco elevado de não atingir
3525904;3569;0.4060608113012699;0.4060608113012699;0.4060608113012699;0.0;0.23928271224432615;854;0.23928271224432615;35;3.0;0.822;0.768;1431.55;0.53;4.12;13.11;1.0;1.0;0.805974025974026;236174786.59;0.0;236174786.59;72.61;70.49;76.07172877556738;59.393918869873005;0.0;SP;Jundiaí;Jundiaí - SP;0.359504132231405;Baixo;72.61;70.49;-13.216081130126994;Risco elevado de não atingir
2100204;152;0.37741225647452026;0.37741225647452026;0.37741225647452026;0.0;0.34868421052631576;53;0.34868421052631576;21;3.0;0.573;0.475;209.27;0.59;67.97;42.95;0.6008403361344538;1.0;0.2352941176470588;16623531.35;19447820.24;36071351.59;75.46;70.97;65.13157894736842;62.258774352547974;0.0;MA;Alcântara;Alcântara - MA;0.2975206611570248;Baixo;75.46;70.97;-13.20122564745202;Risco elevado de não atingir
2917508;692;0.677653306961604;0.677653306961604;0.677653306961604;1.0;0.5924855491329479;0;0.0;29;3.0;0.649;0.558;417.88;0.55;44.69;42.27;0.5882352941176471;1.0;0.7161125319693095;57955670.76;32462305.41;90417976.17;45.4;28.49;40.7514450867052;32.2346693038396;100.0;BA;Jacobina;Jacobina - BA;0.9628099173553719;Alto;45.4;28.49;-13.165330696160396;Risco elevado de não atingir
1502764;172;0.5329288173921282;0.5329288173921282;0.5329288173921282;1.0;0.26744186046511625;0;0.0;15;3.0;0.55;0.33;417.06;0.64;50.77;64.0;0.7467248908296943;1.0;0.6724890829694323;15184228.72;17293331.81;32477560.53;59.86;45.2;73.25581395348837;46.70711826078718;100.0;PA;Cumaru do Norte;Cumaru do Norte - PA;0.6508264462809917;Moderado;59.86;45.2;-13.152881739212816;Risco elevado de não atingir
3534302;319;0.5675899232263668;0.5675899232263668;0.5675899232263668;1.0;0.3730407523510972;0;0.0;35;3.0;0.78;0.703;934.54;0.5;8.54;20.36;1.0;1.0;1.0;38675256.16;0.0;38675256.16;56.24;57.15;62.69592476489028;43.24100767736332;100.0;SP;Orlândia;Orlândia - SP;0.7582644628099173;Alto;56.24;57.15;-12.998992322636681;Risco elevado de não atingir
4321006;113;0.45573736702653433;0.4511191713524604;0.46155629357586747;0.0;0.12389380530973451;14;0.12389380530973451;43;2.0;0.747;0.672;812.48;0.45;8.84;32.85;1.0;1.0;0.9910714285714286;7508061.39;220078.06;7728139.45;67.4;68.4;87.61061946902655;54.426263297346566;0.0;RS;Tapera;Tapera - RS;0.48140495867768596;Moderado;67.4;68.4;-12.97373670265344;Risco elevado de não atingir
4207502;929;0.495522663597346;0.4921177820017001;0.5073986274237052;0.22282023681377824;0.30893433799784714;210;0.22604951560818085;42;3.0;0.777;0.701;945.33;0.39;2.04;20.69;0.9657258064516128;1.0;0.873991935483871;79254650.55;2306966.7;81561617.25;63.3;67.83;69.1065662002153;50.447733640265405;22.282023681377826;SC;Indaial;Indaial - SC;0.5537190082644629;Moderado;63.3;67.83;-12.852266359734593;Risco elevado de não atingir
3553708;449;0.4490861841684376;0.4490861841684376;0.4490861841684376;0.0;0.4053452115812918;182;0.4053452115812918;35;3.0;0.748;0.696;739.25;0.46;11.16;24.53;0.7619047619047619;0.971861471861472;0.9025974025974026;35162402.91;0.0;35162402.91;67.9;72.83;59.46547884187082;55.09138158315624;0.0;SP;Taquaritinga;Taquaritinga - SP;0.45454545454545453;Moderado;67.9;72.83;-12.808618416843764;Risco elevado de não atingir
4126256;1550;0.476074761882281;0.47607476188228104;0.47607476188228104;0.0;0.352258064516129;546;0.352258064516129;41;3.0;0.695;0.579;554.48;0.35;9.32;32.18;1.0;1.0;0.6447990543735225;82099988.05;3920756.72;86020744.77;65.16;56.55;64.77419354838709;52.39252381177191;0.0;PR;Sarandi;Sarandi - PR;0.5082644628099173;Moderado;65.16;56.55;-12.767476188228088;Risco elevado de não atingir
1501907;244;0.5203359173921136;0.5203359173921136;0.5203359173921136;1.0;0.35655737704918034;0;0.0;15;3.0;0.552;0.437;174.18;0.52;62.23;46.27;0.5098039215686274;1.0;0.6928104575163399;31657713.77;29287461.08;60945174.85;60.73;51.61;64.34426229508196;47.96640826078864;100.0;PA;Bujaru;Bujaru - PA;0.6177685950413223;Moderado;60.73;51.61;-12.763591739211357;Risco elevado de não atingir
2304954;295;0.3779151802422659;0.3779151802422659;0.3779151802422659;0.0;0.2576271186440678;76;0.2576271186440678;23;3.0;0.617;0.56;239.69;0.47;53.99;38.01;0.8754578754578755;1.0;0.7289377289377289;21061459.63;18858897.01;39920356.64;74.97;79.83;74.23728813559323;62.20848197577341;0.0;CE;Guaiúba;Guaiúba - CE;0.29958677685950413;Baixo;74.97;79.83;-12.76151802422659;Risco elevado de não atingir
5000906;123;0.5021933295709549;0.5021933295709549;0.5021933295709549;1.0;0.2926829268292683;0;0.0;50;3.0;0.643;0.526;411.49;0.54;40.25;46.23;1.0;1.0;0.8248587570621468;13585425.59;835120.64;14420546.23;62.54;56.2;70.73170731707317;49.78066704290451;100.0;MS;Antônio João;Antônio João - MS;0.5743801652892562;Moderado;62.54;56.2;-12.759332957095488;Risco elevado de não atingir
3302205;688;0.4051327336633167;0.4051327336633167;0.4051327336633167;0.0;0.2311046511627907;159;0.2311046511627907;33;3.0;0.73;0.649;688.83;0.47;12.93;26.91;0.5868421052631579;1.0;0.4552631578947368;60897102.33;6712906.93;67610009.26;72.22;65.26;76.88953488372093;59.48672663366833;0.0;RJ;Itaperuna;Itaperuna - RJ;0.35537190082644626;Baixo;72.22;65.26;-12.733273366331666;Risco elevado de não atingir
2703205;316;0.5433053203510343;0.5433053203510343;0.5433053203510343;1.0;0.3227848101265823;0;0.0;27;3.0;0.568;0.428;254.34;0.65;65.56;62.18;0.6688102893890675;1.0;0.022508038585209;31729460.51;17682025.43;49411485.94;58.34;50.74;67.72151898734178;45.66946796489657;100.0;AL;Igreja Nova;Igreja Nova - AL;0.6880165289256198;Moderado;58.34;50.74;-12.670532035103435;Risco elevado de não atingir
4208906;1943;0.3762016590261035;0.37067525599494333;0.3951907835966424;0.0;0.29181677817807516;567;0.29181677817807516;42;3.0;0.803;0.755;1111.85;0.42;1.58;11.61;0.9623103279490944;1.0;0.936368086147822;175619867.51;0.0;175619867.51;75.01;75.11;70.81832218219249;62.379834097389654;0.0;SC;Jaraguá do Sul;Jaraguá do Sul - SC;0.29545454545454547;Baixo;75.01;75.11;-12.63016590261035;Risco elevado de não atingir
2908903;215;0.6703889848953457;0.6703889848953457;0.6703889848953457;1.0;0.5116279069767442;0;0.0;29;3.0;0.592;0.489;257.21;0.52;60.48;50.74;0.4921259842519685;1.0;0.7204724409448819;29631801.76;32363685.78;61995487.54;45.58;21.3;48.837209302325576;32.961101510465426;100.0;BA;Coração de Maria;Coração de Maria - BA;0.9524793388429752;Alto;45.58;21.3;-12.618898489534573;Risco elevado de não atingir
3302106;220;0.4252926261403356;0.4252926261403356;0.4252926261403356;0.0;0.2681818181818182;59;0.2681818181818182;33;3.0;0.713;0.635;607.18;0.49;19.31;29.26;0.1853448275862069;1.0;0.6896551724137931;12467072.66;904003.35;13371076.01;70.01;70.09;73.18181818181819;57.470737385966444;0.0;RJ;Itaocara;Itaocara - RJ;0.40082644628099173;Moderado;70.01;70.09;-12.53926261403356;Risco elevado de não atingir
1600105;148;0.6674843384660476;0.6642631624574129;0.6642631624574129;1.0;0.5675675675675675;0;0.0;16;3.0;0.642;0.532;406.9;0.66;53.76;41.97;0.0;1.0;0.0625;11686935.13;0.0;11686935.13;45.79;19.03;43.24324324324324;33.25156615339524;100.0;AP;Amapá;Amapá - AP;0.9483471074380165;Alto;45.79;19.03;-12.538433846604761;Risco elevado de não atingir
2616001;189;0.5051211281481076;0.5051211281481076;0.5051211281481076;1.0;0.3544973544973545;0;0.0;26;3.0;0.592;0.484;276.94;0.52;62.36;52.77;0.9710982658959536;1.0;0.6069364161849711;14402213.0;2383802.97;16786015.97;61.99;59.29;64.55026455026456;49.48788718518924;100.0;PE;Venturosa;Venturosa - PE;0.5764462809917356;Moderado;61.99;59.29;-12.502112814810765;Risco elevado de não atingir
2806305;189;0.7116211510036556;0.7116211510036556;0.7116211510036556;1.0;0.5767195767195767;0;0.0;28;3.0;0.545;0.414;194.24;0.53;66.0;60.67;0.6120218579234973;1.0;0.087431693989071;30746420.14;3174342.69;33920762.83;41.22;22.15;42.32804232804233;28.837884899634435;100.0;SE;Santa Luzia do Itanhy;Santa Luzia do Itanhy - SE;0.9896694214876033;Alto;41.22;22.15;-12.382115100365564;Risco elevado de não atingir
1508159;450;0.42156280958474535;0.42156280958474535;0.42156280958474535;0.0;0.40444444444444444;182;0.40444444444444444;15;3.0;0.589;0.42;353.67;0.57;40.01;46.98;0.4149659863945578;1.0;0.4580498866213152;53965178.48;57814085.78;111779264.26;70.15;60.84;59.555555555555564;57.84371904152547;0.0;PA;Uruará;Uruará - PA;0.3884297520661157;Baixo;70.15;60.84;-12.306280958474538;Risco elevado de não atingir
3506508;1126;0.3843348564306297;0.3843348564306297;0.3843348564306297;0.0;0.16429840142095914;185;0.16429840142095914;35;3.0;0.78;0.734;812.51;0.42;4.97;15.18;1.0;1.0;1.0;81649015.36;1106477.88;82755493.24;73.86;78.13;83.57015985790409;61.56651435693703;0.0;SP;Birigui;Birigui - SP;0.31611570247933884;Baixo;73.86;78.13;-12.293485643062972;Risco elevado de não atingir
2105450;119;0.3725490934462734;0.3725490934462734;0.3725490934462734;0.0;0.33613445378151263;40;0.33613445378151263;21;3.0;0.561;0.481;206.58;0.57;62.34;46.92;0.7213114754098361;1.0;0.2704918032786885;6928157.12;7408169.4;14336326.52;75.02;68.34;66.38655462184873;62.74509065537266;0.0;MA;Jatobá;Jatobá - MA;0.2830578512396694;Baixo;75.02;68.34;-12.27490934462734;Risco elevado de não atingir
2925907;163;0.6071772912853922;0.6071772912853922;0.6071772912853922;1.0;0.4539877300613497;0;0.0;29;3.0;0.544;0.434;228.71;0.58;67.06;58.44;0.4794952681388013;1.0;0.1703470031545741;28225535.25;22573569.73;50799104.98;51.51;34.85;54.601226993865026;39.28227087146078;100.0;BA;Quijingue;Quijingue - BA;0.8367768595041323;Alto;51.51;34.85;-12.227729128539217;Risco elevado de não atingir
3508702;172;0.38929722329989236;0.3892581995733899;0.3892581995733899;0.0;0.2441860465116279;42;0.2441860465116279;35;3.0;0.72;0.62;627.0;0.5;18.67;39.08;1.0;1.0;0.8870056497175142;10595115.08;0.0;10595115.08;73.29;75.94;75.5813953488372;61.07027767001077;0.0;SP;Caconde;Caconde - SP;0.32231404958677684;Baixo;73.29;75.94;-12.219722329989239;Risco elevado de não atingir
3114402;162;0.4357872548697593;0.4357872548697592;0.4357872548697592;0.0;0.2037037037037037;33;0.2037037037037037;31;3.0;0.733;0.649;685.17;0.52;17.17;33.19;0.0;1.0;1.0;13268691.1;0.0;13268691.1;68.62;68.35000000000001;79.62962962962963;56.42127451302408;0.0;MG;Carmo do Rio Claro;Carmo do Rio Claro - MG;0.4297520661157025;Moderado;68.62;68.35000000000001;-12.198725486975924;Risco elevado de não atingir
2402006;378;0.6286876248143382;0.6364924171461721;0.6364924171461721;1.0;0.42328042328042326;0;0.0;24;3.0;0.71;0.619;637.13;0.56;19.48;27.61;0.7667493796526055;1.0;0.7766749379652605;34921154.01;4961069.02;39882223.03;49.31;44.58;57.67195767195767;37.13123751856619;100.0;RN;Caicó;Caicó - RN;0.878099173553719;Alto;49.31;44.58;-12.178762481433814;Risco elevado de não atingir
1716109;649;0.4526566335658454;0.4526566335658454;0.4526566335658454;0.0;0.18489984591679506;120;0.18489984591679506;17;3.0;0.764;0.706;899.57;0.62;10.75;20.85;0.8573551263001485;1.0;1.0;47417002.7;1131945.6;48548948.3;66.87;63.45;81.51001540832048;54.73433664341546;0.0;TO;Paraíso do Tocantins;Paraíso do Tocantins - TO;0.4690082644628099;Moderado;66.87;63.45;-12.135663356584544;Risco elevado de não atingir
5005707;786;0.4542643379033094;0.45426433790330933;0.45426433790330933;0.0;0.272264631043257;214;0.272264631043257;50;3.0;0.7;0.597;683.86;0.47;14.62;33.14;0.9845605700712587;1.0;0.4548693586698337;64274145.37;0.0;64274145.37;66.68;59.870000000000005;72.7735368956743;54.57356620966907;0.0;MS;Naviraí;Naviraí - MS;0.4772727272727273;Moderado;66.68;59.870000000000005;-12.10643379033094;Risco elevado de não atingir
2902906;462;0.6236429694954073;0.6236429694954073;0.6236429694954073;1.0;0.47619047619047616;0;0.0;29;3.0;0.551;0.386;266.13;0.44;47.68;67.67;1.0;1.0;0.5707236842105263;37832175.52;27128032.09;64960207.61;49.7;30.6;52.38095238095239;37.63570305045927;100.0;BA;Barra do Choça;Barra do Choça - BA;0.871900826446281;Alto;49.7;30.6;-12.064296949540733;Risco elevado de não atingir
2903904;693;0.6410421935671533;0.6410421935671533;0.6410421935671533;1.0;0.5584415584415584;0;0.0;29;3.0;0.633;0.533;367.62;0.6;49.11;40.74;0.9246501614639396;1.0;0.7373519913885899;69021244.93;40276508.73;109297753.66;47.96;34.550000000000004;44.15584415584416;35.89578064328467;100.0;BA;Bom Jesus da Lapa;Bom Jesus da Lapa - BA;0.9132231404958677;Alto;47.96;34.550000000000004;-12.064219356715334;Risco elevado de não atingir
5007950;183;0.5106987043182363;0.5106987043182363;0.5106987043182363;1.0;0.2185792349726776;0;0.0;50;3.0;0.593;0.434;367.68;0.6;47.09;62.14;0.5618556701030928;1.0;0.5618556701030928;17634532.36;1946598.5;19581130.86;60.88;56.620000000000005;78.14207650273224;48.93012956817637;100.0;MS;Tacuru;Tacuru - MS;0.6012396694214877;Moderado;60.88;56.620000000000005;-11.949870431823634;Risco elevado de não atingir
3201605;402;0.3629463120642715;0.3629888528018985;0.3629888528018985;0.0;0.21144278606965175;85;0.21144278606965175;32;3.0;0.681;0.603;450.71;0.5;29.07;35.2;0.9669811320754716;1.0;0.8443396226415094;39379906.73;7149983.93;46529890.66;75.62;68.12;78.85572139303483;63.705368793572845;0.0;ES;Conceição da Barra;Conceição da Barra - ES;0.2706611570247934;Baixo;75.62;68.12;-11.91463120642716;Risco elevado de não atingir
3202207;228;0.4451878573681979;0.4451878573681979;0.4451878573681979;0.0;0.2719298245614035;62;0.2719298245614035;32;3.0;0.718;0.623;657.18;0.49;18.21;35.84;0.6834170854271356;1.0;0.7437185929648241;19715439.96;651796.31;20367236.27;67.38;62.28;72.80701754385966;55.48121426318021;0.0;ES;Fundão;Fundão - ES;0.45041322314049587;Moderado;67.38;62.28;-11.898785736819782;Risco elevado de não atingir
3505203;278;0.4218397287143606;0.4218397287143606;0.4218397287143606;0.0;0.23741007194244604;66;0.23741007194244604;35;3.0;0.75;0.662;781.34;0.42;5.71;20.47;1.0;1.0;1.0;27292612.3;0.0;27292612.3;69.69;72.3;76.2589928057554;57.81602712856394;0.0;SP;Bariri;Bariri - SP;0.39462809917355374;Baixo;69.69;72.3;-11.87397287143606;Risco elevado de não atingir
2906501;490;0.6489004994012266;0.6489004994012266;0.6489004994012266;1.0;0.5163265306122449;0;0.0;29;3.0;0.691;0.616;462.57;0.48;24.8;25.3;0.453015427769986;0.9579242636746144;0.4628330995792426;49973391.67;16677675.73;66651067.4;46.98;36.67;48.36734693877551;35.109950059877335;100.0;BA;Candeias;Candeias - BA;0.9297520661157025;Alto;46.98;36.67;-11.870049940122662;Risco elevado de não atingir
4102802;178;0.4464146040138518;0.4464146040138518;0.4464146040138518;0.0;0.19662921348314608;35;0.19662921348314608;41;3.0;0.716;0.604;710.14;0.47;10.56;36.16;1.0;1.0;0.6312849162011173;11040962.45;0.0;11040962.45;67.2;54.88;80.33707865168539;55.35853959861482;0.0;PR;Bela Vista do Paraíso;Bela Vista do Paraíso - PR;0.4524793388429752;Moderado;67.2;54.88;-11.841460401385184;Risco elevado de não atingir
2611804;178;0.4420955376408716;0.4420955376408716;0.4420955376408716;0.0;0.07865168539325842;14;0.07865168539325842;26;3.0;0.602;0.516;324.47;0.5;44.72;43.78;0.3113553113553113;1.0;0.2307692307692307;26944814.03;6864786.31;33809600.34;67.54;65.68;92.13483146067416;55.79044623591284;0.0;PE;Ribeirão;Ribeirão - PE;0.44008264462809915;Moderado;67.54;65.68;-11.749553764087167;Risco elevado de não atingir
3301504;179;0.457551573990748;0.457551573990748;0.457551573990748;0.0;0.33519553072625696;60;0.33519553072625696;33;3.0;0.729;0.649;724.29;0.48;9.86;27.35;0.92;1.0;0.67;14626983.92;1425144.82;16052128.74;65.98;64.16;66.4804469273743;54.2448426009252;0.0;RJ;Cordeiro;Cordeiro - RJ;0.48760330578512395;Moderado;65.98;64.16;-11.7351573990748;Risco elevado de não atingir
2911402;132;0.6215835159295994;0.622853594352929;0.622853594352929;1.0;0.4772727272727273;0;0.0;29;3.0;0.593;0.479;266.14;0.51;52.81;54.61;0.216589861751152;1.0;0.0368663594470046;14788739.3;10882965.16;25671704.46;49.56;29.69;52.27272727272727;37.84164840704006;100.0;BA;Glória;Glória - BA;0.8636363636363636;Alto;49.56;29.69;-11.71835159295994;Risco elevado de não atingir
2705002;194;0.5896607868834296;0.5896607868834296;0.5896607868834296;1.0;0.211340206185567;0;0.0;27;3.0;0.504;0.369;186.87;0.57;74.86;69.07;1.0;1.0;0.3518518518518518;35104414.71;27456446.51;62560861.22;52.74;42.45;78.8659793814433;41.03392131165704;100.0;AL;Mata Grande;Mata Grande - AL;0.7913223140495868;Alto;52.74;42.45;-11.706078688342963;Risco elevado de não atingir
2907509;282;0.5646735484840504;0.5646735484840504;0.5646735484840504;1.0;0.31560283687943264;0;0.0;29;3.0;0.677;0.578;486.05;0.55;32.92;30.74;0.9769452449567724;1.0;0.5734870317002881;31712475.47;11124619.14;42837094.61;55.19;39.39;68.43971631205675;43.53264515159496;100.0;BA;Catu;Catu - BA;0.7479338842975206;Alto;55.19;39.39;-11.657354848405035;Risco elevado de não atingir
2923803;201;0.5061146591879695;0.5061146591879695;0.5061146591879695;1.0;0.40298507462686567;0;0.0;29;3.0;0.577;0.472;273.23;0.59;66.44;56.89;0.9575289575289576;1.0;0.1119691119691119;23553115.74;18987974.91;42541090.65;61.04;39.8;59.70149253731343;49.38853408120305;100.0;BA;Paripiranga;Paripiranga - BA;0.5805785123966942;Moderado;61.04;39.8;-11.651465918796951;Risco elevado de não atingir
4216107;106;0.32748552458506885;0.3229751605104706;0.3468800901058414;0.0;0.16037735849056603;17;0.16037735849056603;42;3.0;0.765;0.675;956.19;0.58;11.98;29.43;0.96875;1.0;1.0;6856448.98;0.0;6856448.98;78.9;76.94;83.9622641509434;67.25144754149312;0.0;SC;São Domingos;São Domingos - SC;0.2128099173553719;Baixo;78.9;76.94;-11.648552458506884;Risco elevado de não atingir
2704104;179;0.5495080038006319;0.5495080038006319;0.5495080038006319;1.0;0.4860335195530726;0;0.0;27;3.0;0.552;0.443;231.56;0.51;62.36;56.21;0.6328502415458938;1.0;0.0772946859903381;38229996.57;37986176.72;76216173.29;56.69;44.19;51.39664804469274;45.04919961993681;100.0;AL;Lagoa da Canoa;Lagoa da Canoa - AL;0.7004132231404959;Alto;56.69;44.19;-11.64080038006319;Risco elevado de não atingir
2932101;153;0.5366893328418554;0.5366893328418554;0.5366893328418554;1.0;0.4444444444444444;0;0.0;29;3.0;0.582;0.447;296.48;0.59;58.37;56.96;0.806930693069307;1.0;0.3910891089108911;21640882.01;20411696.46;42052578.47;57.97;38.93;55.55555555555556;46.33106671581446;100.0;BA;Ubaíra;Ubaíra - BA;0.6590909090909091;Moderado;57.97;38.93;-11.63893328418554;Risco elevado de não atingir
4104428;258;0.3623645799480969;0.3623645799480969;0.3623645799480969;0.0;0.16279069767441862;42;0.16279069767441862;41;3.0;0.635;0.503;472.4;0.54;32.58;50.2;0.8396624472573839;1.0;0.8016877637130801;14524731.89;0.0;14524731.89;75.4;64.69;83.72093023255813;63.76354200519031;0.0;PR;Candói;Candói - PR;0.26859504132231404;Baixo;75.4;64.69;-11.636457994809696;Risco elevado de não atingir
3300233;614;0.4033570897371125;0.4033570897371125;0.4033570897371125;0.0;0.26384364820846906;162;0.26384364820846906;33;3.0;0.728;0.624;851.39;0.51;5.61;24.42;0.5450980392156862;1.0;1.0;53383000.1;4848043.79;58231043.89;71.27;68.56;73.61563517915309;59.66429102628875;0.0;RJ;Armação dos Búzios;Armação dos Búzios - RJ;0.34297520661157027;Baixo;71.27;68.56;-11.605708973711245;Risco elevado de não atingir
3522703;373;0.4054129096629829;0.4017215947146745;0.41871987219268725;0.0;0.2734584450402145;102;0.2734584450402145;35;3.0;0.744;0.667;787.75;0.45;7.16;26.04;1.0;1.0;0.5146341463414634;22128230.71;0.0;22128230.71;70.92;77.38;72.65415549597856;59.458709033701716;0.0;SP;Itápolis;Itápolis - SP;0.3574380165289256;Baixo;70.92;77.38;-11.461290966298286;Risco elevado de não atingir
1503002;148;0.5097081170022626;0.5097081170022626;0.5097081170022626;1.0;0.31756756756756754;0;0.0;15;3.0;0.563;0.47;180.47;0.56;65.44;46.05;0.0;1.0;0.0;11144941.27;15799827.98;26944769.25;60.49;51.79;68.24324324324324;49.02918829977374;100.0;PA;Faro;Faro - PA;0.5971074380165289;Moderado;60.49;51.79;-11.460811700226259;Risco elevado de não atingir
2906709;209;0.6014455821611471;0.6014455821611471;0.6014455821611471;1.0;0.31100478468899523;0;0.0;29;3.0;0.601;0.482;268.57;0.5;54.21;52.46;0.7241379310344828;1.0;0.1793103448275862;27019613.66;17701161.23;44720774.89;51.24;30.86;68.89952153110048;39.85544178388529;100.0;BA;Cândido Sales;Cândido Sales - BA;0.8243801652892562;Alto;51.24;30.86;-11.384558216114712;Risco elevado de não atingir
2905206;439;0.5214789584720992;0.5214789584720992;0.5214789584720992;1.0;0.3120728929384966;0;0.0;29;3.0;0.625;0.484;405.31;0.59;48.0;50.78;0.8234234234234235;1.0;0.7423423423423423;35465058.0;12431106.05;47896164.05;59.19;39.02;68.79271070615034;47.852104152790076;100.0;BA;Caetité;Caetité - BA;0.6239669421487604;Moderado;59.19;39.02;-11.337895847209921;Risco elevado de não atingir
2404200;397;0.7314310022530361;0.7314310022530361;0.7314310022530361;1.0;0.5340050377833753;0;0.0;24;3.0;0.638;0.537;377.59;0.55;45.67;41.57;0.6834061135371179;1.0;0.8384279475982532;43858895.8;10759876.5;54618772.3;38.09;35.33;46.59949622166247;26.856899774696387;100.0;RN;Goianinha;Goianinha - RN;1.0;Alto;38.09;35.33;-11.233100225303616;Risco elevado de não atingir
2303501;888;0.3114853285997843;0.3114853285997843;0.3114853285997843;0.0;0.21283783783783783;189;0.21283783783783783;23;3.0;0.646;0.578;309.14;0.48;44.58;36.19;1.0;1.0;0.6982248520710059;64639294.89;65907381.87;130546676.76;80.0;82.60000000000001;78.71621621621621;68.85146714002157;0.0;CE;Cascavel;Cascavel - CE;0.19834710743801653;Baixo;80.0;82.60000000000001;-11.148532859978431;Risco elevado de não atingir
4100707;116;0.34806589647275943;0.34806589647275943;0.34806589647275943;0.0;0.21551724137931033;25;0.21551724137931033;41;3.0;0.676;0.578;515.07;0.44;19.08;41.02;0.24;1.0;0.76;8770248.43;0.0;8770248.43;76.32;64.66;78.44827586206897;65.19341035272406;0.0;PR;Alto Piquiri;Alto Piquiri - PR;0.24173553719008264;Baixo;76.32;64.66;-11.126589647275935;Risco elevado de não atingir
5105606;319;0.40898214369357977;0.40898214369357977;0.40898214369357977;0.0;0.23510971786833856;75;0.23510971786833856;51;3.0;0.716;0.631;649.23;0.55;25.04;31.31;1.0;1.0;0.8480243161094225;23510644.44;2496516.3;26007160.74;70.21;52.57;76.48902821316614;59.10178563064202;0.0;MT;Matupá;Matupá - MT;0.365702479338843;Baixo;70.21;52.57;-11.108214369357974;Risco elevado de não atingir
4104204;1610;0.35712147887436174;0.35712147887436174;0.35712147887436174;0.0;0.2267080745341615;365;0.2267080745341615;41;3.0;0.745;0.664;749.21;0.45;6.81;25.21;0.9565714285714284;1.0;0.8468571428571429;102459885.55;0.0;102459885.55;75.38;69.19;77.32919254658384;64.28785211256383;0.0;PR;Campo Largo;Campo Largo - PR;0.25826446280991733;Baixo;75.38;69.19;-11.09214788743617;Risco elevado de não atingir
4108601;292;0.3754707128276251;0.3754707128276251;0.3754707128276251;0.0;0.20205479452054795;59;0.20205479452054795;41;3.0;0.731;0.639;707.58;0.48;10.69;28.26;0.8993055555555556;1.0;0.9305555555555556;21272024.72;0.0;21272024.72;73.46;63.77;79.7945205479452;62.45292871723749;0.0;PR;Goioerê;Goioerê - PR;0.29338842975206614;Baixo;73.46;63.77;-11.007071282762503;Risco elevado de não atingir
1507805;351;0.6356450203691069;0.6356450203691069;0.6356450203691069;1.0;0.4017094017094017;0;0.0;15;3.0;0.514;0.338;219.97;0.54;63.02;65.17;0.7958412098298677;1.0;0.8960302457466919;29838435.57;36943971.79;66782407.36;47.44;35.9;59.82905982905983;36.43549796308931;100.0;PA;Senador José Porfírio;Senador José Porfírio - PA;0.8966942148760331;Alto;47.44;35.9;-11.004502036910687;Risco elevado de não atingir
2909604;145;0.5099752754880398;0.5099752754880398;0.5099752754880398;1.0;0.296551724137931;0;0.0;29;3.0;0.543;0.387;232.6;0.57;71.96;70.57;0.2848101265822785;1.0;0.4873417721518987;33334583.48;46119544.24;79454127.72;59.99;43.05;70.3448275862069;49.00247245119602;100.0;BA;Crisópolis;Crisópolis - BA;0.5991735537190083;Moderado;59.99;43.05;-10.987527548803982;Risco elevado de não atingir
2801504;143;0.7066995238907443;0.7066995238907443;0.7066995238907443;1.0;0.6223776223776224;0;0.0;28;3.0;0.643;0.546;385.16;0.55;43.37;33.93;1.0;1.0;0.7619047619047619;18458528.02;0.0;18458528.02;40.27;16.16;37.76223776223776;29.33004761092557;100.0;SE;Carmópolis;Carmópolis - SE;0.9855371900826446;Alto;40.27;16.16;-10.939952389074435;Risco elevado de não atingir
2700102;271;0.5314936203970367;0.533708309367196;0.533708309367196;0.955719557195572;0.33948339483394835;8;0.02952029520295203;27;3.0;0.549;0.432;213.0;0.56;68.18;56.96;0.3394160583941605;1.0;0.0;32734446.38;22359869.54;55094315.92;57.79;48.8;66.05166051660515;46.850637960296325;95.5719557195572;AL;Água Branca;Água Branca - AL;0.6425619834710744;Moderado;57.79;48.8;-10.939362039703674;Risco elevado de não atingir
2102101;311;0.5091709895435145;0.5091709895435145;0.5091709895435145;1.0;0.34726688102893893;0;0.0;21;3.0;0.562;0.454;200.25;0.64;71.68;59.7;0.2702702702702703;1.0;0.2235872235872235;37694343.61;53335309.92;91029653.53;59.99;58.08;65.2733118971061;49.082901045648555;100.0;MA;Brejo;Brejo - MA;0.5909090909090909;Moderado;59.99;58.08;-10.907098954351447;Risco elevado de não atingir
2929107;226;0.5391939832888559;0.5391939832888559;0.5391939832888559;1.0;0.504424778761062;0;0.0;29;3.0;0.616;0.525;268.96;0.5;53.26;42.44;0.9906976744186048;1.0;0.3813953488372093;29594172.69;33412168.25;63006340.94;56.92;41.13;49.557522123893804;46.08060167111441;100.0;BA;São Felipe;São Felipe - BA;0.6673553719008265;Moderado;56.92;41.13;-10.839398328885594;Risco elevado de não atingir
2606101;216;0.37273883290295245;0.3727388329029525;0.3727388329029525;0.0;0.24074074074074073;52;0.24074074074074073;26;3.0;0.604;0.506;278.33;0.52;54.49;52.91;0.7201492537313433;1.0;0.6604477611940298;24608411.66;9704970.44;34313382.1;73.52;66.22;75.92592592592592;62.72611670970476;0.0;PE;Glória do Goitá;Glória do Goitá - PE;0.28512396694214875;Baixo;73.52;66.22;-10.793883290295234;Risco elevado de não atingir
2905404;295;0.6042285540470047;0.6042285540470047;0.6042285540470047;1.0;0.3220338983050847;0;0.0;29;3.0;0.627;0.51;334.19;0.53;44.37;43.32;0.3038674033149171;1.0;0.4613259668508287;26790280.86;21007761.91;47798042.77;50.33;32.87;67.79661016949152;39.57714459529953;100.0;BA;Cairu;Cairu - BA;0.8305785123966942;Alto;50.33;32.87;-10.752855404700469;Risco elevado de não atingir
2933158;196;0.636118326411954;0.636118326411954;0.636118326411954;1.0;0.40816326530612246;0;0.0;29;3.0;0.555;0.46;234.88;0.5;64.16;52.69;0.0220994475138121;1.0;1.0;12683651.6;4582534.97;17266186.57;47.1;17.95;59.183673469387756;36.3881673588046;100.0;BA;Várzea Nova;Várzea Nova - BA;0.9028925619834711;Alto;47.1;17.95;-10.7118326411954;Risco elevado de não atingir
3549409;403;0.5403726356659914;0.5071410497304389;0.5791428192574691;1.0;0.3573200992555831;0;0.0;35;2.0;0.762;0.706;799.93;0.42;5.79;17.82;1.0;1.0;0.9269406392694064;22078434.69;0.0;22078434.69;56.67;50.24;64.26799007444168;45.96273643340086;100.0;SP;São Joaquim da Barra;São Joaquim da Barra - SP;0.6756198347107438;Moderado;56.67;50.24;-10.707263566599138;Risco elevado de não atingir
2102556;150;0.4095915199039596;0.4095915199039596;0.4095915199039596;0.0;0.19333333333333333;29;0.19333333333333333;21;3.0;0.652;0.586;358.0;0.48;32.0;39.1;0.0;1.0;0.0;9958633.49;11232747.18;21191380.67;69.62;61.7;80.66666666666666;59.04084800960404;0.0;MA;Campestre do Maranhão;Campestre do Maranhão - MA;0.36983471074380164;Baixo;69.62;61.7;-10.579151990395964;Risco elevado de não atingir
3530706;1411;0.4973366088298432;0.4973366088298432;0.4973366088298432;0.0;0.35790219702338766;505;0.35790219702338766;35;3.0;0.774;0.736;802.19;0.44;6.08;16.3;1.0;1.0;0.7698630136986301;117544544.6;0.0;117544544.6;60.73;63.47;64.20978029766124;50.266339117015676;0.0;SP;Mogi Guaçu;Mogi Guaçu - SP;0.5599173553719008;Moderado;60.73;63.47;-10.463660882984321;Risco elevado de não atingir
2504009;3044;0.5596351748803022;0.5602575289693339;0.5602575289693339;1.0;0.3009198423127464;0;0.0;25;3.0;0.72;0.654;630.03;0.58;28.22;29.73;0.7194894146948941;1.0;0.7157534246575342;222694103.34;62910530.38;285604633.72;54.42;47.92;69.90801576872536;44.03648251196978;100.0;PB;Campina Grande;Campina Grande - PB;0.7355371900826446;Alto;54.42;47.92;-10.383517488030222;Risco elevado de não atingir
4211108;133;0.6024598860795694;0.5927930040674412;0.6122732360009722;1.0;0.3007518796992481;0;0.0;42;3.0;0.675;0.581;432.84;0.44;26.49;41.92;1.0;1.0;0.2949640287769784;7334465.24;0.0;7334465.24;50.04;43.19;69.92481203007519;39.75401139204307;100.0;SC;Monte Castelo;Monte Castelo - SC;0.8264462809917356;Alto;50.04;43.19;-10.28598860795693;Risco elevado de não atingir
3501905;484;0.4885857973263197;0.5041125750578681;0.5041125750578681;0.7665289256198347;0.2603305785123967;23;0.047520661157024795;35;3.0;0.785;0.711;1027.6;0.5;5.57;18.58;0.8010657193605684;1.0;0.7015985790408525;37356991.87;0.0;37356991.87;61.42;59.94;73.96694214876032;51.141420267368034;76.65289256198346;SP;Amparo;Amparo - SP;0.5371900826446281;Moderado;61.42;59.94;-10.278579732631968;Risco elevado de não atingir
1300060;116;0.41944320221951015;0.41944320221951015;0.41944320221951015;0.0;0.2413793103448276;28;0.2413793103448276;13;3.0;0.56;0.455;178.69;0.64;70.93;54.52;0.5083612040133779;1.0;0.3645484949832775;15772816.86;13697178.19;29469995.05;68.27;64.58;75.86206896551724;58.05567977804898;0.0;AM;Amaturá;Amaturá - AM;0.384297520661157;Baixo;68.27;64.58;-10.214320221951013;Risco elevado de não atingir
4105003;112;0.3968973819207936;0.3968973819207936;0.3968973819207936;0.0;0.13392857142857142;15;0.13392857142857142;41;3.0;0.678;0.573;539.43;0.53;27.35;43.63;1.0;1.0;1.0;7628745.89;0.0;7628745.89;70.5;56.16;86.60714285714286;60.31026180792064;0.0;PR;Catanduvas;Catanduvas - PR;0.3347107438016529;Baixo;70.5;56.16;-10.18973819207936;Risco elevado de não atingir
3513405;519;0.5801313024102221;0.5801313024102221;0.5801313024102221;1.0;0.44315992292870904;0;0.0;35;3.0;0.788;0.758;809.24;0.53;13.14;12.64;0.6158536585365854;1.0;0.782520325203252;47647580.65;0.0;47647580.65;52.17;55.99;55.68400770712909;41.98686975897778;100.0;SP;Cruzeiro;Cruzeiro - SP;0.7747933884297521;Alto;52.17;55.99;-10.18313024102222;Risco elevado de não atingir
4201505;140;0.36707736902105337;0.3520473277201346;0.3825430636930133;0.0;0.3357142857142857;47;0.3357142857142857;42;3.0;0.77;0.698;814.95;0.44;3.26;22.84;1.0;1.0;0.6470588235294118;8607875.21;150938.38;8758813.59;73.47;79.08;66.42857142857143;63.29226309789466;0.0;SC;Armazém;Armazém - SC;0.2768595041322314;Baixo;73.47;79.08;-10.177736902105337;Risco elevado de não atingir
2112100;340;0.5605934068050646;0.5605934068050646;0.5605934068050646;1.0;0.3;0;0.0;21;3.0;0.537;0.427;177.46;0.62;76.08;58.61;0.2033492822966507;1.0;0.0191387559808612;23561560.78;29179578.09;52741138.87;54.08;44.63;70.0;43.940659319493534;100.0;MA;Timbiras;Timbiras - MA;0.7417355371900827;Alto;54.08;44.63;-10.139340680506464;Risco elevado de não atingir
2922003;470;0.5096765936395904;0.5096765936395904;0.5096765936395904;1.0;0.3893617021276596;0;0.0;29;3.0;0.665;0.541;546.41;0.57;32.3;33.76;0.7567567567567568;1.0;0.656964656964657;36416492.86;12153316.77;48569809.63;59.15;47.96;61.063829787234035;49.03234063604096;100.0;BA;Mucuri;Mucuri - BA;0.5950413223140496;Moderado;59.15;47.96;-10.117659363959035;Risco elevado de não atingir
2603207;412;0.5327637196233291;0.5327637196233291;0.5327637196233291;1.0;0.30339805825242716;0;0.0;26;3.0;0.522;0.392;176.77;0.6;76.21;65.77;0.2532981530343008;1.0;0.8337730870712401;29761781.91;12511366.68;42273148.59;56.84;57.25;69.66019417475728;46.72362803766708;100.0;PE;Caetés;Caetés - PE;0.6487603305785123;Moderado;56.84;57.25;-10.11637196233292;Risco elevado de não atingir
4210100;657;0.349400644554768;0.3389746991791803;0.36370338550322756;0.0;0.3074581430745814;202;0.3074581430745814;42;3.0;0.777;0.723;789.53;0.49;10.62;18.34;0.929745889387145;1.0;0.7219730941704036;48202728.2;756248.62;48958976.82;75.13;77.41;69.25418569254185;65.0599355445232;0.0;SC;Mafra;Mafra - SC;0.24380165289256198;Baixo;75.13;77.41;-10.070064455476796;Risco elevado de não atingir
2311900;180;0.3328166519342839;0.3328166519342839;0.3328166519342839;0.0;0.18888888888888888;34;0.18888888888888888;23;3.0;0.575;0.499;220.94;0.54;67.76;50.44;0.7298850574712644;1.0;0.8793103448275862;12677025.34;9006769.52;21683794.86;76.77;81.55;81.11111111111111;66.7183348065716;0.0;CE;Saboeiro;Saboeiro - CE;0.2190082644628099;Baixo;76.77;81.55;-10.051665193428391;Risco elevado de não atingir
2410405;141;0.6045005976949842;0.6074823183726569;0.6074823183726569;1.0;0.49645390070921985;0;0.0;24;3.0;0.567;0.456;198.93;0.53;69.93;45.84;0.84375;1.0;0.9765625;11409327.89;1696777.11;13106105.0;49.56;36.22;50.35460992907801;39.549940230501576;100.0;RN;Pureza;Pureza - RN;0.8326446280991735;Alto;49.56;36.22;-10.010059769498426;Risco elevado de não atingir
2401206;152;0.6980768818870704;0.6980768818870704;0.6980768818870704;1.0;0.5131578947368421;0;0.0;24;3.0;0.606;0.523;309.04;0.53;50.73;43.39;0.8009708737864077;1.0;0.7669902912621359;17732410.51;3577746.63;21310157.14;40.17;31.22;48.68421052631579;30.19231181129296;100.0;RN;Arês;Arês - RN;0.981404958677686;Alto;40.17;31.22;-9.977688188707042;Risco elevado de não atingir
2108306;345;0.4648087121973507;0.46480871219735065;0.46480871219735065;0.0;0.2028985507246377;70;0.2028985507246377;21;3.0;0.554;0.472;201.99;0.51;57.38;49.63;0.3910149750415973;1.0;0.2179700499168053;32838039.26;42127043.44;74965082.7;63.48;63.88;79.71014492753623;53.51912878026492;0.0;MA;Penalva;Penalva - MA;0.49173553719008267;Moderado;63.48;63.88;-9.960871219735075;Risco elevado de não atingir
1502905;302;0.644517995463521;0.644517995463521;0.644517995463521;1.0;0.46357615894039733;0;0.0;15;3.0;0.582;0.48;233.96;0.56;61.93;39.38;0.3545454545454545;1.0;0.16;32589521.97;34840207.65;67429729.62;45.47;33.480000000000004;53.642384105960275;35.54820045364791;100.0;PA;Curuçá;Curuçá - PA;0.9235537190082644;Alto;45.47;33.480000000000004;-9.92179954635209;Risco elevado de não atingir
2108900;133;0.2987124165850106;0.2987124165850106;0.2987124165850106;0.0;0.15789473684210525;21;0.15789473684210525;21;3.0;0.576;0.481;234.72;0.54;61.6;52.55;0.0486486486486486;1.0;0.0864864864864864;16819217.01;24360989.03;41180206.04;80.0;77.27;84.21052631578947;70.12875834149894;0.0;MA;Poção de Pedras;Poção de Pedras - MA;0.16735537190082644;Baixo;80.0;77.27;-9.871241658501063;Risco elevado de não atingir
2932408;114;0.6245297091988828;0.6245297091988828;0.6245297091988828;1.0;0.40350877192982454;0;0.0;29;3.0;0.617;0.54;286.67;0.53;52.95;39.27;0.9661016949152542;1.0;0.2966101694915254;9246345.77;3802554.24;13048900.01;47.33;27.71;59.64912280701755;37.54702908011171;100.0;BA;Uibaí;Uibaí - BA;0.8739669421487604;Alto;47.33;27.71;-9.782970919888285;Risco elevado de não atingir
2107357;145;0.4516809278278033;0.45168092782780334;0.45168092782780334;0.0;0.11724137931034483;17;0.11724137931034483;21;3.0;0.581;0.484;225.16;0.47;56.32;44.83;0.0;1.0;0.0;20264208.29;22803877.85;43068086.14;64.61;62.23;88.27586206896552;54.831907217219666;0.0;MA;Nova Olinda do Maranhão;Nova Olinda do Maranhão - MA;0.4628099173553719;Moderado;64.61;62.23;-9.778092782780334;Risco elevado de não atingir
5207907;121;0.38710459050096047;0.38710459050096047;0.38710459050096047;0.0;0.4049586776859504;49;0.4049586776859504;52;3.0;0.597;0.457;301.92;0.63;55.45;50.32;1.0;1.0;0.3377483443708609;10067298.47;0.0;10067298.47;70.97;65.41;59.50413223140496;61.28954094990395;0.0;GO;Flores de Goiás;Flores de Goiás - GO;0.3202479338842975;Baixo;70.97;65.41;-9.680459050096047;Risco elevado de não atingir
2708808;439;0.5950660111135532;0.5967584565331541;0.5967584565331541;1.0;0.28018223234624146;0;0.0;27;3.0;0.549;0.432;225.84;0.54;62.53;64.68;0.8341346153846154;1.0;0.3389423076923077;42386900.35;25129877.07;67516777.42;50.14;42.43;71.98177676537586;40.493398888644684;100.0;AL;São Sebastião;São Sebastião - AL;0.8057851239669421;Alto;50.14;42.43;-9.646601111355317;Risco elevado de não atingir
5104104;482;0.4254334969787409;0.4254334969787409;0.4254334969787409;0.0;0.3070539419087137;148;0.3070539419087137;51;3.0;0.703;0.609;594.14;0.48;16.75;31.97;0.931297709923664;1.0;0.8377862595419847;44632757.16;4626938.28;49259695.44;67.04;54.22;69.29460580912863;57.45665030212591;0.0;MT;Guarantã do Norte;Guarantã do Norte - MT;0.40289256198347106;Moderado;67.04;54.22;-9.583349697874098;Risco elevado de não atingir
2516607;124;0.3287324531289725;0.3287324531289725;0.3287324531289725;0.0;0.25806451612903225;32;0.25806451612903225;25;3.0;0.586;0.462;260.75;0.52;56.64;51.52;1.0;1.0;0.5177304964539007;13809962.95;3690961.26;17500924.21;76.69;67.47;74.19354838709677;67.12675468710275;0.0;PB;Tavares;Tavares - PB;0.21694214876033058;Baixo;76.69;67.47;-9.563245312897251;Risco elevado de não atingir
3557105;750;0.49969587157780015;0.49969587157780015;0.49969587157780015;0.0;0.32666666666666666;245;0.32666666666666666;35;3.0;0.79;0.744;977.39;0.49;7.51;17.85;1.0;1.0;0.54875;68561446.74;0.0;68561446.74;59.57;61.66;67.33333333333333;50.03041284221999;0.0;SP;Votuporanga;Votuporanga - SP;0.5661157024793388;Moderado;59.57;61.66;-9.539587157780012;Risco elevado de não atingir
2105922;113;0.29510286367658556;0.29510286367658556;0.29510286367658556;0.0;0.168141592920354;19;0.168141592920354;21;3.0;0.566;0.475;210.29;0.52;61.89;51.23;0.4545454545454545;1.0;0.1636363636363636;8323997.08;9549341.21;17873338.29;80.0;78.44;83.1858407079646;70.48971363234145;0.0;MA;Lagoa do Mato;Lagoa do Mato - MA;0.16322314049586778;Baixo;80.0;78.44;-9.510286367658551;Risco elevado de não atingir
2601052;236;0.5269926970210714;0.5269926970210714;0.5269926970210714;1.0;0.423728813559322;0;0.0;26;3.0;0.592;0.498;236.1;0.45;49.72;44.57;0.9453125;1.0;0.44140625;21635648.36;9066421.52;30702069.88;56.79;53.49;57.6271186440678;47.300730297892855;100.0;PE;Araçoiaba;Araçoiaba - PE;0.6342975206611571;Moderado;56.79;53.49;-9.489269702107144;Risco elevado de não atingir
2301406;155;0.2947675765862877;0.2947675765862877;0.2947675765862877;0.0;0.12903225806451613;20;0.12903225806451613;23;3.0;0.622;0.587;215.94;0.49;63.65;39.37;0.7883597883597884;1.0;1.0;13865199.66;16983663.07;30848862.73;80.0;80.42;87.09677419354838;70.52324234137123;0.0;CE;Aratuba;Aratuba - CE;0.16115702479338842;Baixo;80.0;80.42;-9.47675765862877;Risco elevado de não atingir
1301001;406;0.5134781434730388;0.5291144346702892;0.5291144346702892;0.6231527093596059;0.39655172413793105;39;0.0960591133004926;13;3.0;0.549;0.416;222.32;0.54;57.02;53.89;0.5665529010238908;1.0;0.4249146757679181;25242550.12;23161068.88;48403619.0;57.96;49.19;60.3448275862069;48.652185652696126;62.315270935960584;AM;Carauari;Carauari - AM;0.609504132231405;Moderado;57.96;49.19;-9.307814347303875;Risco elevado de não atingir
2110708;370;0.5530614898732855;0.5530614898732855;0.5530614898732855;1.0;0.3567567567567568;0;0.0;21;3.0;0.582;0.504;243.74;0.6;64.48;53.54;0.5699797160243407;1.0;0.4381338742393509;28625962.74;34992401.23;63618363.97;54.0;50.11;64.32432432432432;44.693851012671445;100.0;MA;São Domingos do Maranhão;São Domingos do Maranhão - MA;0.7148760330578512;Alto;54.0;50.11;-9.306148987328555;Risco elevado de não atingir
2917201;213;0.44450097307360226;0.44450097307360226;0.44450097307360226;0.0;0.29577464788732394;63;0.29577464788732394;29;3.0;0.57;0.425;269.3;0.52;60.18;59.11;0.251207729468599;1.0;0.5507246376811594;17378291.49;11499021.0;28877312.49;64.85;43.98;70.4225352112676;55.549902692639776;0.0;BA;Ituaçu;Ituaçu - BA;0.4462809917355372;Moderado;64.85;43.98;-9.300097307360218;Risco elevado de não atingir
3131307;2162;0.3967730402508966;0.40182673137080493;0.40182673137080493;0.0;0.26734505087881594;578;0.26734505087881594;31;3.0;0.771;0.705;862.91;0.52;11.87;19.27;0.9475920679886686;1.0;0.990084985835694;172176389.76;0.0;172176389.76;69.58;70.92;73.2654949121184;60.32269597491033;0.0;MG;Ipatinga;Ipatinga - MG;0.3305785123966942;Baixo;69.58;70.92;-9.257304025089667;Risco elevado de não atingir
3100906;216;0.3791333214478776;0.3791898589323581;0.3791898589323581;0.0;0.2638888888888889;57;0.2638888888888889;31;2.0;0.645;0.531;389.57;0.57;47.9;48.22;0.5748792270531401;1.0;0.8792270531400966;8376918.92;0.0;8376918.92;71.23;69.23;73.61111111111111;62.08666785521224;0.0;MG;Águas Formosas;Águas Formosas - MG;0.3037190082644628;Baixo;71.23;69.23;-9.143332144787763;Risco elevado de não atingir
4100103;109;0.4523999819805;0.4523999819805;0.4523999819805;0.0;0.11926605504587157;13;0.11926605504587157;41;3.0;0.687;0.596;535.86;0.44;17.65;37.73;0.9891304347826086;1.0;0.0108695652173913;6551601.42;0.0;6551601.42;63.89;57.74;88.07339449541286;54.76000180195;0.0;PR;Abatiá;Abatiá - PR;0.4669421487603306;Moderado;63.89;57.74;-9.129998198050004;Risco elevado de não atingir
5006200;652;0.43596811956862097;0.435968119568621;0.435968119568621;0.0;0.20398773006134968;133;0.20398773006134968;50;3.0;0.721;0.616;688.15;0.48;13.84;28.86;1.0;1.0;0.4538799414348463;58883424.45;0.0;58883424.45;65.43;69.44;79.60122699386503;56.40318804313791;0.0;MS;Nova Andradina;Nova Andradina - MS;0.4318181818181818;Moderado;65.43;69.44;-9.026811956862097;Risco elevado de não atingir
4217303;149;0.29020944009115357;0.2877341825154123;0.30617485145468504;0.0;0.2483221476510067;37;0.2483221476510067;42;3.0;0.755;0.7;719.94;0.33;5.65;19.32;1.0;1.0;1.0;9568143.5;0.0;9568143.5;80.0;80.9;75.16778523489933;70.97905599088465;0.0;SC;Saudades;Saudades - SC;0.1487603305785124;Baixo;80.0;80.9;-9.020944009115354;Risco elevado de não atingir
2901205;129;0.5894325184531503;0.5894325184531503;0.5894325184531503;1.0;0.3953488372093023;0;0.0;29;3.0;0.54;0.371;243.52;0.48;55.77;65.99;0.096;1.0;0.628;18016568.22;11593112.17;29609680.39;50.04;32.17;60.46511627906976;41.056748154684975;100.0;BA;Anagé;Anagé - BA;0.7892561983471075;Alto;50.04;32.17;-8.983251845315024;Risco elevado de não atingir
3205176;222;0.28979590077675177;0.28796941597182113;0.2962445103941601;0.0;0.20270270270270271;45;0.20270270270270271;32;3.0;0.675;0.549;569.82;0.51;26.46;42.98;0.9722222222222222;1.0;0.9206349206349206;17403693.8;2457009.66;19860703.46;80.0;76.41;79.72972972972973;71.02040992232482;0.0;ES;Vila Valério;Vila Valério - ES;0.1446280991735537;Baixo;80.0;76.41;-8.979590077675184;Risco elevado de não atingir
2500304;284;0.6305711569088045;0.6305711569088045;0.6305711569088045;1.0;0.36619718309859156;0;0.0;25;3.0;0.582;0.43;287.94;0.53;58.8;58.79;0.7493734335839599;1.0;0.4060150375939849;25702515.62;11059585.42;36762101.04;45.86;28.48;63.38028169014085;36.94288430911955;100.0;PB;Alagoa Grande;Alagoa Grande - PB;0.8842975206611571;Alto;45.86;28.48;-8.91711569088045;Risco elevado de não atingir
3530201;108;0.28906172730640745;0.28351804656515356;0.33341117323643843;0.0;0.06481481481481481;7;0.06481481481481481;35;3.0;0.724;0.674;516.3;0.5;28.84;23.08;1.0;1.0;1.0;10689812.91;117282.49;10807095.4;80.0;87.52;93.51851851851852;71.09382726935925;0.0;SP;Mirante do Paranapanema;Mirante do Paranapanema - SP;0.14049586776859505;Baixo;80.0;87.52;-8.906172730640748;Risco elevado de não atingir
3529807;101;0.5207175046164354;0.5207175046164354;0.5207175046164354;1.0;0.2871287128712871;0;0.0;35;3.0;0.73;0.658;700.24;0.39;5.8;25.63;1.0;1.0;0.2432432432432432;8234074.93;0.0;8234074.93;56.82;68.18;71.28712871287128;47.92824953835646;100.0;SP;Mineiros do Tietê;Mineiros do Tietê - SP;0.6198347107438017;Moderado;56.82;68.18;-8.89175046164354;Risco elevado de não atingir
3305158;256;0.3468242447990556;0.3468242447990556;0.3468242447990556;0.0;0.18359375;47;0.18359375;33;3.0;0.66;0.533;517.99;0.47;25.85;46.2;0.6338028169014085;1.0;0.8098591549295775;20373182.68;2291212.12;22664394.8;74.08;76.78;81.640625;65.31757552009444;0.0;RJ;São José do Vale do Rio Preto;São José do Vale do Rio Preto - RJ;0.23760330578512398;Baixo;74.08;76.78;-8.762424479905562;Risco elevado de não atingir
3551108;105;0.5498667361034402;0.5498667361034402;0.5498667361034402;1.0;0.4095238095238095;0;0.0;35;3.0;0.707;0.621;619.86;0.52;16.12;32.81;1.0;1.0;0.0;8486891.55;112312.24;8599203.79;53.71;53.32;59.04761904761905;45.01332638965599;100.0;SP;Sarapuí;Sarapuí - SP;0.7024793388429752;Alto;53.71;53.32;-8.696673610344014;Risco elevado de não atingir
3511706;224;0.525769833117189;0.525769833117189;0.525769833117189;1.0;0.4107142857142857;0;0.0;35;3.0;0.736;0.675;705.01;0.4;5.42;21.96;1.0;1.0;0.6205128205128205;16711360.81;340982.28;17052343.09;56.0;62.5;58.92857142857143;47.42301668828111;100.0;SP;Charqueada;Charqueada - SP;0.6322314049586777;Moderado;56.0;62.5;-8.576983311718891;Risco elevado de não atingir
4122206;458;0.40485312439039567;0.40485312439039567;0.40485312439039567;0.0;0.25109170305676853;115;0.25109170305676853;41;3.0;0.679;0.545;548.8;0.47;17.92;42.34;0.8950381679389313;1.0;0.0;30113283.82;921692.45;31034976.27;68.02;61.35;74.89082969432314;59.51468756096043;0.0;PR;Rio Branco do Sul;Rio Branco do Sul - PR;0.35330578512396693;Baixo;68.02;61.35;-8.505312439039564;Risco elevado de não atingir
2932705;211;0.6360922615256117;0.6360922615256117;0.6360922615256117;1.0;0.6445497630331753;0;0.0;29;3.0;0.616;0.507;349.43;0.48;39.57;43.84;0.5294117647058824;1.0;0.196078431372549;21735925.53;15047185.12;36783110.65;44.8;26.42;35.54502369668246;36.39077384743883;100.0;BA;Uruçuca;Uruçuca - BA;0.9008264462809917;Alto;44.8;26.42;-8.409226152561168;Risco elevado de não atingir
5005251;139;0.28367569512628665;0.28367569512628665;0.28367569512628665;0.0;0.2302158273381295;32;0.2302158273381295;50;3.0;0.672;0.545;536.02;0.53;39.7;50.88;1.0;1.0;0.918918918918919;11897734.88;0.0;11897734.88;80.0;77.47;76.97841726618705;71.63243048737134;0.0;MS;Laguna Carapã;Laguna Carapã - MS;0.13429752066115702;Baixo;80.0;77.47;-8.367569512628663;Risco elevado de não atingir
2112209;2150;0.36677643863975073;0.36677643863975073;0.36677643863975073;0.0;0.23162790697674418;498;0.23162790697674418;21;3.0;0.649;0.579;365.26;0.5;39.19;37.2;0.8688085676037484;1.0;0.6046407853636769;118697822.88;154977713.63;273675536.51;71.67;75.74;76.83720930232558;63.32235613602493;0.0;MA;Timon;Timon - MA;0.27479338842975204;Baixo;71.67;75.74;-8.347643863975073;Risco elevado de não atingir
2208502;228;0.5556212415020831;0.5556212415020831;0.5556212415020831;1.0;0.37280701754385964;0;0.0;22;3.0;0.549;0.406;226.34;0.57;60.84;58.62;0.1055045871559633;1.0;0.536697247706422;19114050.84;17363237.24;36477288.08;52.75;36.04;62.71929824561404;44.43787584979169;100.0;PI;Porto;Porto - PI;0.7231404958677686;Alto;52.75;36.04;-8.312124150208312;Risco elevado de não atingir
2806701;732;0.44498619966446784;0.4455110096676359;0.4455110096676359;0.0;0.15846994535519127;116;0.15846994535519127;28;3.0;0.662;0.581;388.36;0.47;36.39;34.72;0.9953434225844005;1.0;0.1525029103608847;64429663.04;7842695.68;72272358.72;63.75;68.53;84.15300546448088;55.50138003355322;0.0;SE;São Cristóvão;São Cristóvão - SE;0.44834710743801653;Moderado;63.75;68.53;-8.248619966446782;Risco elevado de não atingir
2925204;287;0.4124393034119356;0.4124393034119356;0.4124393034119356;0.0;0.31010452961672474;89;0.31010452961672474;29;3.0;0.666;0.559;443.8;0.5;32.46;32.74;1.0;1.0;0.5290697674418605;24619621.97;8216333.89;32835955.86;66.86;51.55;68.98954703832753;58.75606965880644;0.0;BA;Pojuca;Pojuca - BA;0.371900826446281;Baixo;66.86;51.55;-8.10393034119356;Risco elevado de não atingir
3148004;1417;0.35502369546401824;0.3610663055755946;0.3610663055755946;0.0;0.2611150317572336;370;0.2611150317572336;31;2.0;0.765;0.698;843.57;0.5;9.58;20.63;0.8876325088339223;1.0;0.9109540636042402;64521180.62;1249266.62;65770447.24;72.56;76.9;73.88849682427664;64.49763045359818;0.0;MG;Patos de Minas;Patos de Minas - MG;0.25;Baixo;72.56;76.9;-8.062369546401825;Risco elevado de não atingir
2307650;3113;0.2800974713852169;0.27995830651354303;0.27995830651354303;0.0;0.16350787022165114;509;0.16350787022165114;23;3.0;0.686;0.665;372.91;0.43;29.07;21.24;0.9082278481012658;1.0;0.7784810126582279;191872843.75;161833953.87;353706797.62;80.0;84.92;83.64921297783489;71.99025286147831;0.0;CE;Maracanaú;Maracanaú - CE;0.128099173553719;Baixo;80.0;84.92;-8.00974713852169;Risco elevado de não atingir
4113304;415;0.3339580980796446;0.3339580980796446;0.3339580980796446;0.0;0.16626506024096385;69;0.16626506024096385;41;3.0;0.706;0.594;659.33;0.54;24.25;38.17;1.0;1.0;0.6942675159235668;29975647.16;938645.25;30914292.41;74.57;68.0;83.37349397590361;66.60419019203555;0.0;PR;Laranjeiras do Sul;Laranjeiras do Sul - PR;0.2231404958677686;Baixo;74.57;68.0;-7.9658098079644475;Risco elevado de não atingir
3106200;16792;0.43024953236455904;0.4325847405084693;0.4325847405084693;0.0;0.28203906622201047;4736;0.28203906622201047;31;3.0;0.81;0.737;1497.29;0.6;8.78;17.92;0.9198587631072116;1.0;1.0;1437380414.82;29832597.91;1467213012.73;64.91;68.58;71.79609337779895;56.9750467635441;0.0;MG;Belo Horizonte;Belo Horizonte - MG;0.4152892561983471;Moderado;64.91;68.58;-7.934953236455897;Risco elevado de não atingir
3151404;273;0.2782340157293692;0.2946314619726337;0.2946314619726337;0.0;0.32967032967032966;90;0.32967032967032966;31;2.0;0.725;0.617;669.0;0.47;14.17;35.37;0.82;1.0;0.9533333333333334;15165826.87;1162534.89;16328361.76;80.0;85.71000000000001;67.03296703296704;72.17659842706308;0.0;MG;Pitangui;Pitangui - MG;0.12603305785123967;Baixo;80.0;85.71000000000001;-7.823401572936916;Risco elevado de não atingir
2613305;257;0.3565515554048887;0.3565515554048887;0.3565515554048887;0.0;0.14007782101167315;36;0.14007782101167315;26;3.0;0.537;0.381;244.22;0.53;65.96;66.83;0.0;1.0;0.8571428571428571;19663657.51;7019581.17;26683238.68;72.13;72.13;85.99221789883269;64.34484445951114;0.0;PE;São Joaquim do Monte;São Joaquim do Monte - PE;0.256198347107438;Baixo;72.13;72.13;-7.785155540488859;Risco elevado de não atingir
3165537;496;0.2778144011006646;0.2778144011006646;0.2778144011006646;0.0;0.21169354838709678;105;0.21169354838709678;31;3.0;0.734;0.643;648.26;0.46;10.41;20.26;0.5622489959839357;1.0;1.0;28673088.35;541757.28;29214845.63;80.0;82.39;78.83064516129032;72.21855988993354;0.0;MG;Sarzedo;Sarzedo - MG;0.12190082644628099;Baixo;80.0;82.39;-7.781440110066455;Risco elevado de não atingir
3508009;241;0.4863363594275696;0.4863363594275696;0.4863363594275696;0.0;0.4190871369294606;101;0.4190871369294606;35;3.0;0.667;0.578;435.15;0.5;31.04;39.45;0.9875776397515528;1.0;0.922360248447205;30206247.19;0.0;30206247.19;59.01;63.24;58.091286307053934;51.36636405724304;0.0;SP;Buri;Buri - SP;0.53099173553719;Moderado;59.01;63.24;-7.6436359427569585;Risco elevado de não atingir
2922656;183;0.6181086192959511;0.6181086192959511;0.6181086192959511;1.0;0.3989071038251366;0;0.0;29;3.0;0.56;0.467;187.22;0.54;73.14;54.2;1.0;1.0;0.3920704845814978;22832190.6;30410124.63;53242315.23;45.83;26.14;60.10928961748634;38.189138070404894;100.0;BA;Nordestina;Nordestina - BA;0.8553719008264463;Alto;45.83;26.14;-7.640861929595104;Risco elevado de não atingir
3537404;203;0.36996125203868213;0.36996125203868213;0.36996125203868213;0.0;0.32019704433497537;65;0.32019704433497537;35;3.0;0.766;0.732;743.94;0.48;9.27;16.21;1.0;1.0;0.986784140969163;18728753.03;0.0;18728753.03;70.56;83.47;67.98029556650246;63.00387479613179;0.0;SP;Pereira Barreto;Pereira Barreto - SP;0.2809917355371901;Baixo;70.56;83.47;-7.556125203868213;Risco elevado de não atingir
2104800;985;0.5308345663579114;0.5308345663579114;0.5308345663579114;1.0;0.449746192893401;0;0.0;21;3.0;0.609;0.497;340.1;0.61;52.31;53.35;0.7582755966127791;1.0;0.0800615858352579;79661945.4;116190626.08;195852571.48;54.39;45.8;55.0253807106599;46.91654336420886;100.0;MA;Grajaú;Grajaú - MA;0.6384297520661157;Moderado;54.39;45.8;-7.473456635791138;Risco elevado de não atingir
1508357;288;0.4046494161366808;0.4046494161366808;0.4046494161366808;0.0;0.19791666666666666;57;0.19791666666666666;15;3.0;0.596;0.451;323.18;0.6;52.7;44.49;0.7313432835820896;1.0;0.9343283582089552;19688247.17;11471565.03;31159812.2;66.91;70.18;80.20833333333334;59.53505838633192;0.0;PA;Vitória do Xingu;Vitória do Xingu - PA;0.3512396694214876;Baixo;66.91;70.18;-7.374941613668078;Risco elevado de não atingir
2205003;107;0.31431972140054953;0.31431972140054953;0.31431972140054953;0.0;0.11214953271028037;12;0.11214953271028037;22;3.0;0.541;0.401;237.76;0.5;58.19;56.94;0.7745098039215687;1.0;0.6372549019607843;7837047.55;4330303.41;12167350.96;75.93;73.67;88.78504672897196;68.56802785994505;0.0;PI;Itainópolis;Itainópolis - PI;0.20454545454545456;Baixo;75.93;73.67;-7.361972140054959;Risco elevado de não atingir
3161106;734;0.5001943352802221;0.5123675065944635;0.5123675065944635;0.5095367847411444;0.3446866485013624;130;0.1771117166212534;31;3.0;0.638;0.542;325.23;0.55;53.88;37.88;0.5519287833827893;1.0;0.9614243323442137;37819565.87;2362868.98;40182434.85;57.15;58.24;65.53133514986375;49.980566471977795;50.95367847411444;MG;São Francisco;São Francisco - MG;0.5681818181818182;Moderado;57.15;58.24;-7.1694335280222035;Risco elevado de não atingir
5211909;1077;0.3798541947021761;0.3798541947021761;0.3798541947021761;0.0;0.23026926648096566;248;0.23026926648096566;52;3.0;0.757;0.656;987.04;0.55;7.93;24.82;0.7100248550124275;1.0;0.6901408450704225;82060126.38;2618821.01;84678947.39;69.15;69.92;76.97307335190344;62.01458052978239;0.0;GO;Jataí;Jataí - GO;0.30578512396694213;Baixo;69.15;69.92;-7.135419470217613;Risco elevado de não atingir
3202306;314;0.3127651013893292;0.3127651013893292;0.3127651013893292;0.0;0.17197452229299362;54;0.17197452229299362;32;3.0;0.703;0.595;587.91;0.52;28.33;37.81;1.0;1.0;0.5757575757575758;34031118.36;7088104.21;41119222.57;75.85;76.71000000000001;82.80254777070064;68.72348986106708;0.0;ES;Guaçuí;Guaçuí - ES;0.20041322314049587;Baixo;75.85;76.71000000000001;-7.126510138932915;Risco elevado de não atingir
3532827;106;0.5071509861467904;0.5071509861467904;0.5071509861467904;1.0;0.41509433962264153;0;0.0;35;3.0;0.651;0.577;330.03;0.47;39.62;37.18;1.0;1.0;0.4206349206349206;11419351.89;0.0;11419351.89;56.36;61.55;58.490566037735846;49.28490138532096;100.0;SP;Nova Campina;Nova Campina - SP;0.5847107438016529;Moderado;56.36;61.55;-7.075098614679042;Risco elevado de não atingir
4109609;566;0.3561536859357307;0.3561536859357307;0.3561536859357307;0.0;0.3003533568904594;170;0.3003533568904594;41;3.0;0.717;0.604;782.92;0.56;17.41;30.21;1.0;1.0;0.2239221140472879;41727865.77;820091.29;42547957.06;71.37;66.9;69.96466431095406;64.38463140642693;0.0;PR;Guaratuba;Guaratuba - PR;0.25413223140495866;Baixo;71.37;66.9;-6.985368593573071;Risco elevado de não atingir
4102000;410;0.2692672354746515;0.2692672354746515;0.2692672354746515;0.0;0.13414634146341464;55;0.13414634146341464;41;3.0;0.729;0.633;676.1;0.47;12.78;26.08;1.0;1.0;0.2488584474885844;28940816.15;542720.5;29483536.65;80.0;80.31;86.58536585365853;73.07327645253486;0.0;PR;Assis Chateaubriand;Assis Chateaubriand - PR;0.11363636363636363;Baixo;80.0;80.31;-6.926723547465144;Risco elevado de não atingir
1508209;550;0.6226579616897914;0.6226579616897914;0.6226579616897914;1.0;0.24181818181818182;0;0.0;15;3.0;0.617;0.516;323.12;0.5;43.67;43.13;0.1661129568106312;1.0;0.3787375415282392;29718736.81;34706486.9;64425223.71;44.6;37.71;75.81818181818181;37.734203831020864;100.0;PA;Vigia;Vigia - PA;0.8677685950413223;Alto;44.6;37.71;-6.865796168979138;Risco elevado de não atingir
2600609;202;0.5210347162471513;0.5210347162471513;0.5210347162471513;1.0;0.49504950495049505;0;0.0;26;3.0;0.599;0.472;275.5;0.49;57.52;58.52;0.723404255319149;1.0;0.5319148936170213;14288947.33;4281995.97;18570943.3;54.75;53.870000000000005;50.495049504950494;47.89652837528487;100.0;PE;Alagoinha;Alagoinha - PE;0.621900826446281;Moderado;54.75;53.870000000000005;-6.853471624715127;Risco elevado de não atingir
5007208;616;0.5402669697450672;0.5402669697450672;0.5402669697450672;1.0;0.3587662337662338;0;0.0;50;3.0;0.715;0.59;705.6;0.53;14.75;37.13;0.8521594684385382;1.0;0.7790697674418605;54386101.43;0.0;54386101.43;52.79;52.67;64.12337662337661;45.97330302549329;100.0;MS;Rio Brilhante;Rio Brilhante - MS;0.6735537190082644;Moderado;52.79;52.67;-6.816696974506712;Risco elevado de não atingir
1504976;171;0.5088818524382586;0.5088818524382586;0.5088818524382586;1.0;0.3216374269005848;0;0.0;15;3.0;0.581;0.435;315.1;0.59;57.06;53.11;0.0518518518518518;1.0;0.2555555555555555;12045855.66;10426450.08;22472305.74;55.82;52.55;67.83625730994152;49.11181475617414;100.0;PA;Nova Ipixuna;Nova Ipixuna - PA;0.5867768595041323;Moderado;55.82;52.55;-6.708185243825859;Risco elevado de não atingir
3104007;1142;0.3435100829830764;0.3435100829830764;0.3435100829830764;0.0;0.14448336252189142;165;0.14448336252189142;31;3.0;0.772;0.709;883.88;0.48;6.45;17.65;0.7543554006968641;1.0;1.0;94784580.68;1568634.1;96353214.78;72.32;75.35000000000001;85.55166374781086;65.64899170169237;0.0;MG;Araxá;Araxá - MG;0.23553719008264462;Baixo;72.32;75.35000000000001;-6.671008298307626;Risco elevado de não atingir
2803302;214;0.5241850067873979;0.5241850067873979;0.5241850067873979;1.0;0.3317757009345794;0;0.0;28;3.0;0.621;0.544;296.93;0.5;47.7;34.39;0.868421052631579;1.0;0.3684210526315789;26731766.83;1155289.97;27887056.8;54.23;58.28;66.82242990654206;47.58149932126021;100.0;SE;Japaratuba;Japaratuba - SE;0.6301652892561983;Moderado;54.23;58.28;-6.6485006787397865;Risco elevado de não atingir
1702208;392;0.5766718303077819;0.5766718303077819;0.5766718303077819;1.0;0.36989795918367346;0;0.0;17;3.0;0.631;0.525;342.07;0.57;47.8;39.72;0.5320855614973262;1.0;0.3449197860962567;34780886.98;0.0;34780886.98;48.97;50.5;63.01020408163265;42.33281696922181;100.0;TO;Araguatins;Araguatins - TO;0.768595041322314;Alto;48.97;50.5;-6.637183030778189;Risco elevado de não atingir
1720804;106;0.5427323011795575;0.5427323011795575;0.5427323011795575;1.0;0.42452830188679247;0;0.0;17;3.0;0.604;0.526;245.11;0.56;58.75;47.1;0.8333333333333334;1.0;0.12;22753419.26;3005949.47;25759368.73;52.31;50.64;57.54716981132076;45.72676988204425;100.0;TO;Sítio Novo do Tocantins;Sítio Novo do Tocantins - TO;0.6859504132231405;Moderado;52.31;50.64;-6.58323011795575;Risco elevado de não atingir
5204508;1191;0.4086310528630054;0.4086310528630054;0.4086310528630054;0.0;0.3089840470193115;368;0.3089840470193115;52;3.0;0.733;0.64;794.78;0.49;8.62;27.53;0.7779661016949152;1.0;0.6347457627118644;83169827.69;0.0;83169827.69;65.72;62.940000000000005;69.10159529806886;59.13689471369946;0.0;GO;Caldas Novas;Caldas Novas - GO;0.36363636363636365;Baixo;65.72;62.940000000000005;-6.583105286300537;Risco elevado de não atingir
3144706;171;0.39681721112892077;0.39681721112892077;0.39681721112892077;0.0;0.21637426900584794;37;0.21637426900584794;31;3.0;0.709;0.639;532.58;0.47;22.11;25.9;0.7552083333333334;1.0;1.0;10487160.66;0.0;10487160.66;66.71;72.22;78.36257309941521;60.31827888710792;0.0;MG;Nova Era;Nova Era - MG;0.33264462809917356;Baixo;66.71;72.22;-6.391721112892071;Risco elevado de não atingir
2616308;307;0.4154211151900622;0.4154211151900622;0.4154211151900622;0.0;0.30293159609120524;93;0.30293159609120524;26;3.0;0.605;0.534;246.44;0.48;54.77;40.7;0.9121338912133892;1.0;1.0;26824082.76;8307293.25;35131376.01;64.81;68.15;69.70684039087948;58.45788848099378;0.0;PE;Vicência;Vicência - PE;0.38016528925619836;Baixo;64.81;68.15;-6.352111519006222;Risco elevado de não atingir
4206405;123;0.26338456117578113;0.26338456117578113;0.26338456117578113;0.0;0.21138211382113822;26;0.21138211382113822;42;3.0;0.751;0.646;873.67;0.47;10.53;30.61;1.0;1.0;1.0;10554645.01;0.0;10554645.01;80.0;83.69;78.86178861788618;73.66154388242188;0.0;SC;Guaraciaba;Guaraciaba - SC;0.10537190082644628;Baixo;80.0;83.69;-6.338456117578119;Risco elevado de não atingir
2925402;108;0.6324202518213637;0.6324202518213637;0.6324202518213637;1.0;0.6018518518518519;0;0.0;29;3.0;0.625;0.545;323.92;0.49;41.78;38.12;0.0;1.0;0.5825242718446602;9195541.64;6364965.11;15560506.75;42.98;27.54;39.81481481481482;36.75797481786363;100.0;BA;Potiraguá;Potiraguá - BA;0.8863636363636364;Alto;42.98;27.54;-6.22202518213637;Risco elevado de não atingir
4109708;307;0.31097620833792394;0.31097620833792394;0.31097620833792394;0.0;0.1791530944625407;55;0.1791530944625407;41;3.0;0.71;0.596;787.74;0.62;20.13;34.54;0.9467787114845938;1.0;0.8879551820728291;23047754.34;687902.13;23735656.47;75.07;71.64;82.08469055374593;68.90237916620761;0.0;PR;Ibaiti;Ibaiti - PR;0.1962809917355372;Baixo;75.07;71.64;-6.167620833792384;Risco elevado de não atingir
3553609;102;0.43981782365116046;0.4398178236511605;0.4398178236511605;0.0;0.17647058823529413;18;0.17647058823529413;35;3.0;0.751;0.692;637.12;0.4;8.98;24.34;1.0;1.0;0.5299145299145299;14484298.03;1918633.09;16402931.12;62.16;79.51;82.35294117647058;56.018217634883946;0.0;SP;Tapiratiba;Tapiratiba - SP;0.43388429752066116;Moderado;62.16;79.51;-6.14178236511605;Risco elevado de não atingir
2103554;144;0.5064934156412311;0.5064934156412311;0.5064934156412311;1.0;0.4861111111111111;0;0.0;21;3.0;0.512;0.37;170.79;0.51;67.98;63.34;0.967032967032967;1.0;0.0;22417538.54;31374262.97;53791801.51;55.49;54.26;51.388888888888886;49.350658435876895;100.0;MA;Conceição do Lago-Açu;Conceição do Lago-Açu - MA;0.5826446280991735;Moderado;55.49;54.26;-6.139341564123107;Risco elevado de não atingir
2910008;143;0.5511194874064769;0.5511194874064769;0.5511194874064769;1.0;0.4405594405594406;0;0.0;29;3.0;0.54;0.392;206.16;0.54;70.34;58.43;0.6621621621621622;1.0;0.3310810810810811;18077390.54;15206215.34;33283605.88;51.02;41.07;55.94405594405594;44.88805125935231;100.0;BA;Dário Meira;Dário Meira - BA;0.7086776859504132;Alto;51.02;41.07;-6.131948740647694;Risco elevado de não atingir
1303502;226;0.5419562230908919;0.5419562230908919;0.5419562230908919;1.0;0.5132743362831859;0;0.0;13;3.0;0.496;0.317;218.21;0.72;73.81;62.31;0.116580310880829;1.0;0.2901554404145077;17723420.52;14808181.57;32531602.09;51.88;48.43;48.67256637168141;45.80437769091081;100.0;AM;Pauini;Pauini - AM;0.6797520661157025;Moderado;51.88;48.43;-6.075622309089191;Risco elevado de não atingir
4109302;190;0.2606717454145627;0.2606717454145627;0.2606717454145627;0.0;0.18421052631578946;35;0.18421052631578946;41;3.0;0.677;0.528;614.94;0.54;28.12;47.0;1.0;1.0;1.0;11314052.63;375119.04;11689171.67;80.0;71.17;81.57894736842105;73.93282545854373;0.0;PR;Guaraniaçu;Guaraniaçu - PR;0.10330578512396695;Baixo;80.0;71.17;-6.067174541456268;Risco elevado de não atingir
3136900;147;0.27087741621975403;0.27087741621975403;0.27087741621975403;0.0;0.1564625850340136;23;0.1564625850340136;31;3.0;0.723;0.553;1122.1;0.64;7.13;45.12;0.8091603053435115;1.0;1.0;8974930.12;222845.92;9197776.04;78.94;82.69;84.35374149659864;72.9122583780246;0.0;MG;Juruaia;Juruaia - MG;0.11776859504132231;Baixo;78.94;82.69;-6.0277416219753945;Risco elevado de não atingir
3201506;1223;0.3036293019018726;0.3035251708336347;0.3035251708336347;0.0;0.1349141455437449;165;0.1349141455437449;32;3.0;0.746;0.668;788.29;0.51;10.52;24.7;0.9967159277504104;1.0;0.7331691297208539;115911788.29;15460990.39;131372778.68;75.66;77.5;86.50858544562551;69.63706980981274;0.0;ES;Colatina;Colatina - ES;0.17768595041322313;Baixo;75.66;77.5;-6.022930190187253;Risco elevado de não atingir
3168408;128;0.3281900679830059;0.3323098371715705;0.3323098371715705;0.0;0.265625;34;0.265625;31;2.0;0.633;0.499;364.41;0.47;35.78;48.19;0.9393939393939394;1.0;0.9090909090909092;4461466.74;0.0;4461466.74;73.13;77.47;73.4375;67.18099320169941;0.0;MG;Tarumirim;Tarumirim - MG;0.21487603305785125;Baixo;73.13;77.47;-5.949006798300587;Risco elevado de não atingir
2513406;152;0.42895178999844663;0.42895178999844663;0.42895178999844663;0.0;0.3092105263157895;47;0.3092105263157895;25;3.0;0.682;0.635;379.3;0.51;44.89;36.91;1.0;1.0;0.7290322580645161;9966590.73;2442913.18;12409503.91;63.05;54.05;69.07894736842105;57.10482100015534;0.0;PB;Santa Luzia;Santa Luzia - PB;0.41115702479338845;Moderado;63.05;54.05;-5.945178999844657;Risco elevado de não atingir
3170206;6132;0.45529798474819677;0.46713460854473043;0.46713460854473043;0.0;0.31327462491846053;1921;0.31327462491846053;31;3.0;0.789;0.716;1001.45;0.5;6.84;17.8;0.97924696116217;1.0;0.9716869255855322;504692895.51;0.0;504692895.51;60.41;62.63;68.67253750815394;54.470201525180315;0.0;MG;Uberlândia;Uberlândia - MG;0.4793388429752066;Moderado;60.41;62.63;-5.939798474819682;Risco elevado de não atingir
1303569;372;0.5675896659079775;0.5675896659079775;0.5675896659079775;1.0;0.5080645161290323;0;0.0;13;3.0;0.611;0.493;315.24;0.55;44.45;36.4;0.3903966597077244;1.0;0.3924843423799583;30183145.48;25256114.43;55439259.91;49.09;46.76;49.193548387096776;43.241033409202245;100.0;AM;Rio Preto da Eva;Rio Preto da Eva - AM;0.756198347107438;Alto;49.09;46.76;-5.848966590797758;Risco elevado de não atingir
3505302;205;0.40934785843857036;0.40934785843857036;0.40934785843857036;0.0;0.3073170731707317;63;0.3073170731707317;35;3.0;0.788;0.739;915.28;0.45;3.51;16.42;1.0;1.0;0.8289473684210527;17049784.96;0.0;17049784.96;64.91;80.01;69.26829268292683;59.065214156142964;0.0;SP;Barra Bonita;Barra Bonita - SP;0.3677685950413223;Baixo;64.91;80.01;-5.844785843857032;Risco elevado de não atingir
2401008;204;0.5544870823841996;0.558352610838214;0.558352610838214;1.0;0.4117647058823529;0;0.0;24;3.0;0.639;0.571;358.66;0.55;42.99;39.05;0.6605166051660517;1.0;0.5682656826568265;20946272.58;3148869.92;24095142.5;50.29;48.86;58.82352941176471;44.55129176158004;100.0;RN;Apodi;Apodi - RN;0.7210743801652892;Alto;50.29;48.86;-5.73870823841996;Risco elevado de não atingir
3113206;245;0.31358098181916605;0.3101914955281898;0.327138926983071;0.0;0.18775510204081633;46;0.18775510204081633;31;3.0;0.697;0.622;495.09;0.48;26.15;34.09;0.6356275303643725;1.0;0.8218623481781376;20621374.34;0.0;20621374.34;74.34;80.43;81.22448979591836;68.6419018180834;0.0;MG;Carandaí;Carandaí - MG;0.2024793388429752;Baixo;74.34;80.43;-5.698098181916606;Risco elevado de não atingir
2603801;214;0.45206708655024763;0.45206708655024763;0.45206708655024763;0.0;0.26635514018691586;57;0.26635514018691586;26;3.0;0.549;0.419;215.71;0.5;62.66;61.51;0.7725118483412322;1.0;0.8530805687203792;20116568.8;10842868.18;30959436.98;60.43;69.34;73.36448598130842;54.79329134497524;0.0;PE;Capoeiras;Capoeiras - PE;0.46487603305785125;Moderado;60.43;69.34;-5.636708655024762;Risco elevado de não atingir
3162955;351;0.37477026847493655;0.37477026847493655;0.37477026847493655;0.0;0.2849002849002849;100;0.2849002849002849;31;3.0;0.729;0.679;540.26;0.42;17.75;25.13;1.0;1.0;0.7343283582089553;29119510.62;1009948.54;30129459.16;68.1;75.09;71.50997150997152;62.522973152506346;0.0;MG;São José da Lapa;São José da Lapa - MG;0.29132231404958675;Baixo;68.1;75.09;-5.577026847493649;Risco elevado de não atingir
2701308;181;0.6354794520522653;0.6354794520522653;0.6354794520522653;1.0;0.36464088397790057;0;0.0;27;3.0;0.562;0.473;232.85;0.49;56.06;60.02;0.1423357664233576;1.0;0.083941605839416;25853359.21;13125144.73;38978503.94;41.98;33.4;63.53591160220995;36.45205479477347;100.0;AL;Cajueiro;Cajueiro - AL;0.8946280991735537;Alto;41.98;33.4;-5.52794520522653;Risco elevado de não atingir
1600600;1660;0.5144962175998377;0.5055686868416878;0.5381394583988939;1.0;0.286144578313253;0;0.0;16;3.0;0.692;0.638;469.24;0.55;34.48;22.02;0.6177951874650252;1.0;0.204252937884723;104325821.27;1434398.81;105760220.08;53.95;55.32;71.3855421686747;48.55037824001624;100.0;AP;Santana;Santana - AP;0.6136363636363636;Moderado;53.95;55.32;-5.399621759983766;Risco elevado de não atingir
1505205;483;0.7128770570441405;0.7128770570441405;0.7128770570441405;1.0;0.6459627329192547;0;0.0;15;3.0;0.507;0.344;181.86;0.56;67.49;64.78;0.1948640483383685;1.0;0.5981873111782477;44696101.52;43360267.46;88056368.98;34.05;31.03;35.40372670807454;28.71229429558595;100.0;PA;Oeiras do Pará;Oeiras do Pará - PA;0.9917355371900827;Alto;34.05;31.03;-5.337705704414049;Risco elevado de não atingir
3128006;328;0.4039274352180391;0.40535771272505705;0.40535771272505705;0.0;0.17378048780487804;57;0.17378048780487804;31;3.0;0.686;0.576;560.99;0.56;30.83;39.83;0.9518072289156626;1.0;0.963855421686747;17843702.57;234873.22;18078575.79;64.93;68.68;82.6219512195122;59.60725647819609;0.0;MG;Guanhães;Guanhães - MG;0.3450413223140496;Baixo;64.93;68.68;-5.322743521803915;Risco elevado de não atingir
2911857;118;0.592944532615027;0.592944532615027;0.592944532615027;1.0;0.5084745762711864;0;0.0;29;3.0;0.563;0.437;241.36;0.5;61.5;61.81;0.6272727272727273;1.0;0.0;14309645.28;13456423.11;27766068.39;45.96;36.36;49.152542372881356;40.7055467384973;100.0;BA;Heliópolis;Heliópolis - BA;0.7975206611570248;Alto;45.96;36.36;-5.254453261502704;Risco elevado de não atingir
3133709;184;0.30463191039601545;0.30463191039601545;0.30463191039601545;0.0;0.21739130434782608;40;0.21739130434782608;31;3.0;0.677;0.563;490.54;0.4;14.62;30.53;0.5689655172413793;1.0;1.0;14776756.07;0.0;14776756.07;74.73;80.42;78.26086956521739;69.53680896039846;0.0;MG;Itatiaiuçu;Itatiaiuçu - MG;0.18388429752066116;Baixo;74.73;80.42;-5.193191039601544;Risco elevado de não atingir
2708600;555;0.4535430455837083;0.4535430455837083;0.4535430455837083;0.0;0.24864864864864866;138;0.24864864864864866;27;3.0;0.623;0.514;360.82;0.51;39.86;43.19;1.0;1.0;0.8327814569536424;58774364.53;39912424.24;98686788.77;59.83;57.17;75.13513513513513;54.64569544162917;0.0;AL;São Miguel dos Campos;São Miguel dos Campos - AL;0.47107438016528924;Moderado;59.83;57.17;-5.184304558370826;Risco elevado de não atingir
5100607;158;0.3047468090211387;0.3047468090211387;0.3047468090211387;0.0;0.056962025316455694;9;0.056962025316455694;51;3.0;0.705;0.571;781.26;0.46;7.39;34.56;1.0;1.0;1.0;12585742.08;147951.64;12733693.72;74.69;70.01;94.30379746835443;69.52531909788613;0.0;MT;Alto Taquari;Alto Taquari - MT;0.1859504132231405;Baixo;74.69;70.01;-5.164680902113872;Risco elevado de não atingir
4114609;617;0.28436381280186085;0.28436381280186085;0.28436381280186085;0.0;0.17179902755267423;106;0.17179902755267423;41;3.0;0.774;0.704;1036.38;0.53;4.3;20.12;0.8104667609618105;1.0;0.4087694483734088;41875175.1;946196.94;42821372.04;76.71;76.44;82.82009724473258;71.56361871981392;0.0;PR;Marechal Cândido Rondon;Marechal Cândido Rondon - PR;0.13636363636363635;Baixo;76.71;76.44;-5.146381280186077;Risco elevado de não atingir
2411205;347;0.6821137486959125;0.6837126462712846;0.6837126462712846;1.0;0.5763688760806917;0;0.0;24;3.0;0.635;0.564;327.61;0.52;51.69;38.0;1.0;1.0;0.7692307692307693;27553747.13;6940567.43;34494314.56;36.93;32.730000000000004;42.363112391930834;31.788625130408754;100.0;RN;Santa Cruz;Santa Cruz - RN;0.9669421487603306;Alto;36.93;32.730000000000004;-5.141374869591246;Risco elevado de não atingir
2600203;175;0.42224655405717637;0.42224655405717637;0.42224655405717637;0.0;0.19428571428571428;34;0.19428571428571428;26;3.0;0.588;0.493;233.59;0.53;61.76;52.34;0.5384615384615384;1.0;0.5846153846153846;16216487.96;3405258.94;19621746.9;62.89;59.870000000000005;80.57142857142857;57.775344594282366;0.0;PE;Afrânio;Afrânio - PE;0.39669421487603307;Baixo;62.89;59.870000000000005;-5.1146554057176346;Risco elevado de não atingir
5006606;1779;0.40043485510310756;0.40147438135858327;0.40147438135858327;0.0;0.25295109612141653;450;0.25295109612141653;50;3.0;0.701;0.598;653.36;0.6;26.22;35.12;0.9022392135445112;1.0;0.4107045330420535;91083613.57;2633115.29;93716728.86;65.01;71.07000000000001;74.70489038785834;59.95651448968924;0.0;MS;Ponta Porã;Ponta Porã - MS;0.33884297520661155;Baixo;65.01;71.07000000000001;-5.0534855103107645;Risco elevado de não atingir
2414209;245;0.7185537517369426;0.7185537517369426;0.7185537517369426;1.0;0.4326530612244898;0;0.0;24;3.0;0.645;0.504;523.75;0.6;38.56;41.53;0.7991803278688525;1.0;0.7991803278688525;19827953.07;1253096.69;21081049.76;33.04;24.98;56.73469387755101;28.14462482630574;100.0;RN;Tibau do Sul;Tibau do Sul - RN;0.9958677685950413;Alto;33.04;24.98;-4.895375173694259;Atenção — abaixo da meta
3143302;4163;0.3732312433238996;0.3822116090617498;0.3822116090617498;0.0;0.2330050444391064;970;0.2330050444391064;31;3.0;0.77;0.744;650.62;0.53;21.75;17.81;0.8227848101265823;1.0;0.940506329113924;233694701.66;0.0;233694701.66;67.55;75.18;76.69949555608936;62.67687566761004;0.0;MG;Montes Claros;Montes Claros - MG;0.2892561983471074;Baixo;67.55;75.18;-4.873124332389956;Atenção — abaixo da meta
4110201;163;0.29393145817526156;0.29393145817526156;0.29393145817526156;0.0;0.2883435582822086;47;0.2883435582822086;41;3.0;0.6;0.454;385.92;0.51;40.12;57.29;1.0;1.0;0.5144508670520231;9255435.52;196459.74;9451895.26;75.44;70.03;71.16564417177914;70.60685418247384;0.0;PR;Inácio Martins;Inácio Martins - PR;0.15702479338842976;Baixo;75.44;70.03;-4.833145817526159;Atenção — abaixo da meta
1501204;413;0.6216308300745121;0.6216308300745121;0.6216308300745121;1.0;0.47699757869249393;0;0.0;15;3.0;0.578;0.467;226.99;0.53;57.94;44.92;0.4133333333333333;1.0;0.3638095238095238;35243879.35;36707496.68;71951376.03;42.66;38.16;52.300242130750604;37.83691699254879;100.0;PA;Baião;Baião - PA;0.8657024793388429;Alto;42.66;38.16;-4.82308300745121;Atenção — abaixo da meta
2613107;326;0.4844750308326213;0.48447503083262133;0.48447503083262133;0.0;0.4785276073619632;156;0.4785276073619632;26;3.0;0.591;0.469;300.16;0.5;52.44;54.81;0.8678815489749431;1.0;0.806378132118451;29766835.69;11844632.88;41611468.57;56.36;53.17;52.14723926380368;51.552496916737866;0.0;PE;São Caitano;São Caitano - PE;0.5268595041322314;Moderado;56.36;53.17;-4.807503083262134;Atenção — abaixo da meta
2909208;130;0.6106315626250696;0.6106315626250696;0.6106315626250696;1.0;0.36923076923076925;0;0.0;29;3.0;0.535;0.392;238.18;0.48;57.73;64.46;0.5226130653266332;1.0;0.0201005025125628;35473282.58;35379658.31;70852940.89;43.69;36.04;63.07692307692307;38.93684373749304;100.0;BA;Coronel João Sá;Coronel João Sá - BA;0.8429752066115702;Alto;43.69;36.04;-4.753156262506955;Atenção — abaixo da meta
2906204;320;0.6057777163200762;0.6057777163200762;0.6057777163200762;1.0;0.38125;0;0.0;29;3.0;0.587;0.496;252.39;0.48;55.55;45.61;1.0;1.0;0.2765957446808511;30214082.75;27488163.77;57702246.52;44.12;33.730000000000004;61.875;39.42222836799238;100.0;BA;Canarana;Canarana - BA;0.8347107438016529;Alto;44.12;33.730000000000004;-4.6977716320076155;Atenção — abaixo da meta
5002951;449;0.4960757109921651;0.4960757109921651;0.4960757109921651;0.0;0.2739420935412027;123;0.2739420935412027;50;3.0;0.754;0.665;896.92;0.47;5.29;23.22;1.0;1.0;0.2262931034482758;48345927.51;0.0;48345927.51;55.08;63.42;72.60579064587974;50.39242890078349;0.0;MS;Chapadão do Sul;Chapadão do Sul - MS;0.5557851239669421;Moderado;55.08;63.42;-4.687571099216505;Atenção — abaixo da meta
5004601;360;0.2915899662456223;0.2915899662456223;0.2915899662456223;0.0;0.1;36;0.1;50;3.0;0.62;0.479;442.57;0.5;31.1;48.08;0.7102272727272727;1.0;1.0;23068002.8;242039.63;23310042.43;75.39;79.41;90.0;70.84100337543777;0.0;MS;Itaquiraí;Itaquiraí - MS;0.15495867768595042;Baixo;75.39;79.41;-4.5489966245622355;Atenção — abaixo da meta
3113404;932;0.4443206886245741;0.4443206886245741;0.4443206886245741;0.0;0.25;233;0.25;31;3.0;0.706;0.603;610.29;0.54;24.55;37.22;0.3548387096774194;1.0;0.0978494623655914;59482313.03;11725366.81;71207679.84;59.95;67.42;75.0;55.567931137542594;0.0;MG;Caratinga;Caratinga - MG;0.44421487603305787;Moderado;59.95;67.42;-4.382068862457409;Atenção — abaixo da meta
4107900;187;0.26840276481908154;0.26840276481908154;0.26840276481908154;0.0;0.26737967914438504;50;0.26737967914438504;41;3.0;0.736;0.691;649.71;0.36;3.56;19.94;1.0;1.0;1.0;10469937.81;0.0;10469937.81;77.47;74.01;73.2620320855615;73.15972351809185;0.0;PR;Floresta;Floresta - PR;0.1115702479338843;Baixo;77.47;74.01;-4.310276481908147;Atenção — abaixo da meta
2932457;154;0.6741442889683269;0.6741442889683269;0.6741442889683269;1.0;0.551948051948052;0;0.0;29;3.0;0.515;0.413;148.15;0.5;73.16;60.27;0.6325581395348837;1.0;0.9255813953488372;14305463.37;8904039.11;23209502.48;36.89;22.95;44.8051948051948;32.58557110316731;100.0;BA;Umburanas;Umburanas - BA;0.9607438016528925;Alto;36.89;22.95;-4.30442889683269;Atenção — abaixo da meta
2911204;219;0.5680161936018591;0.5680161936018591;0.5680161936018591;1.0;0.2648401826484018;0;0.0;29;3.0;0.632;0.508;442.37;0.59;47.61;50.54;0.6448598130841121;1.0;0.0;35544843.94;42405426.3;77950270.24;47.47;47.2;73.51598173515981;43.19838063981409;100.0;BA;Gandu;Gandu - BA;0.7603305785123967;Alto;47.47;47.2;-4.271619360185909;Atenção — abaixo da meta
4209151;101;0.5373091594341329;0.5321406706519645;0.5611416354852432;1.0;0.4752475247524752;0;0.0;42;3.0;0.694;0.578;580.97;0.44;24.59;28.71;1.0;1.0;0.7017543859649122;8143359.7;0.0;8143359.7;50.48;52.77;52.475247524752476;46.269084056586706;100.0;SC;José Boiteux;José Boiteux - SC;0.6652892561983471;Moderado;50.48;52.77;-4.210915943413291;Atenção — abaixo da meta
5002902;255;0.5319048367516053;0.5319048367516053;0.5319048367516053;1.0;0.3843137254901961;0;0.0;50;3.0;0.727;0.627;885.1;0.54;8.47;33.04;0.5333333333333333;1.0;0.5666666666666667;22261677.44;352386.89;22614064.33;50.95;54.38;61.568627450980394;46.80951632483947;100.0;MS;Cassilândia;Cassilândia - MS;0.6446280991735537;Moderado;50.95;54.38;-4.140483675160532;Atenção — abaixo da meta
2708956;174;0.4304301187231423;0.4304301187231423;0.4304301187231423;0.0;0.2471264367816092;43;0.2471264367816092;27;3.0;0.518;0.398;159.61;0.55;74.46;64.32;0.6628571428571428;1.0;0.7142857142857143;20097680.34;11510547.54;31608227.88;61.07;57.08;75.28735632183908;56.95698812768577;0.0;AL;Senador Rui Palmeira;Senador Rui Palmeira - AL;0.41735537190082644;Moderado;61.07;57.08;-4.113011872314232;Atenção — abaixo da meta
2206803;143;0.34794940300788313;0.34794940300788313;0.34794940300788313;0.0;0.22377622377622378;32;0.22377622377622378;22;3.0;0.533;0.411;183.4;0.48;70.46;59.83;0.8950617283950617;1.0;0.3148148148148148;21839458.62;23587120.45;45426579.07;69.27;45.57;77.62237762237763;65.20505969921169;0.0;PI;Nossa Senhora dos Remédios;Nossa Senhora dos Remédios - PI;0.2396694214876033;Baixo;69.27;45.57;-4.064940300788308;Atenção — abaixo da meta
5107925;1733;0.24649533920315092;0.24649533920315092;0.24649533920315092;0.0;0.1321407963069821;229;0.1321407963069821;51;3.0;0.744;0.635;988.74;0.54;9.82;31.47;0.8943857698721512;1.0;0.7993329627570873;144258587.31;3004728.19;147263315.5;79.35;81.05;86.78592036930179;75.3504660796849;0.0;MT;Sorriso;Sorriso - MT;0.09297520661157024;Baixo;79.35;81.05;-3.9995339203150877;Atenção — abaixo da meta
2800506;148;0.6168875563444032;0.6168875563444032;0.6168875563444032;1.0;0.6148648648648649;0;0.0;28;3.0;0.579;0.434;294.32;0.48;45.84;50.99;0.9956140350877192;1.0;0.0;29060403.63;4780449.67;33840853.3;42.28;44.81;38.51351351351351;38.31124436555968;100.0;SE;Areia Branca;Areia Branca - SE;0.8512396694214877;Alto;42.28;44.81;-3.9687556344403205;Atenção — abaixo da meta
1200351;157;0.37850831789015704;0.37850831789015704;0.37850831789015704;0.0;0.2356687898089172;37;0.2356687898089172;12;3.0;0.501;0.361;157.27;0.59;70.49;64.06;0.0362694300518134;1.0;0.0;43809998.78;6111252.63;49921251.41;66.11;62.82;76.43312101910828;62.14916821098429;0.0;AC;Marechal Thaumaturgo;Marechal Thaumaturgo - AC;0.30165289256198347;Baixo;66.11;62.82;-3.9608317890157068;Atenção — abaixo da meta
1100403;173;0.36448931397046713;0.36448931397046713;0.36448931397046713;0.0;0.23699421965317918;41;0.23699421965317918;11;3.0;0.625;0.457;498.49;0.54;26.31;50.2;1.0;1.0;0.1034482758620689;13747593.5;259647.41;14007240.91;67.51;60.45;76.30057803468209;63.551068602953286;0.0;RO;Alto Paraíso;Alto Paraíso - RO;0.2727272727272727;Baixo;67.51;60.45;-3.958931397046719;Atenção — abaixo da meta
2105476;109;0.46168837073236974;0.4616883707323697;0.4616883707323697;0.0;0.27522935779816515;30;0.27522935779816515;21;3.0;0.49;0.346;127.24;0.67;81.29;65.96;0.3315068493150685;1.0;0.1397260273972602;14674295.28;18133238.99;32807534.27;57.76;69.39;72.47706422018348;53.83116292676302;0.0;MA;Jenipapo dos Vieiras;Jenipapo dos Vieiras - MA;0.4896694214876033;Moderado;57.76;69.39;-3.928837073236977;Atenção — abaixo da meta
4119806;154;0.23733602186772607;0.23733602186772607;0.23733602186772607;0.0;0.07142857142857142;11;0.07142857142857142;41;3.0;0.706;0.636;641.16;0.47;16.84;25.97;1.0;1.0;1.0;10295390.63;389511.2;10684901.83;80.0;78.93;92.85714285714286;76.2663978132274;0.0;PR;Planalto;Planalto - PR;0.08884297520661157;Baixo;80.0;78.93;-3.7336021867726004;Atenção — abaixo da meta
2603702;236;0.45092910731350677;0.45092910731350677;0.45092910731350677;0.0;0.3940677966101695;93;0.3940677966101695;26;3.0;0.541;0.403;234.75;0.52;65.85;64.9;0.2673611111111111;1.0;0.1493055555555555;24570766.5;9439097.0;34009863.5;58.57;65.49;60.593220338983045;54.90708926864932;0.0;PE;Canhotinho;Canhotinho - PE;0.45867768595041325;Moderado;58.57;65.49;-3.662910731350678;Atenção — abaixo da meta
1507474;204;0.5899670660863232;0.5899670660863232;0.5899670660863232;1.0;0.4362745098039216;0;0.0;15;3.0;0.539;0.393;215.54;0.58;67.18;52.95;0.3817567567567567;1.0;0.7398648648648649;18824986.54;14462883.72;33287870.26;44.66;40.76;56.372549019607845;41.00329339136768;100.0;PA;São João de Pirabas;São João de Pirabas - PA;0.7954545454545454;Alto;44.66;40.76;-3.6567066086323194;Atenção — abaixo da meta
2312403;928;0.23655184497368117;0.2365518449736812;0.2365518449736812;0.0;0.05603448275862069;52;0.05603448275862069;23;3.0;0.665;0.646;309.14;0.51;44.72;30.3;1.0;1.0;0.9674556213017752;65973115.51;33274821.23;99247936.74;80.0;85.78;94.39655172413794;76.34481550263187;0.0;CE;São Gonçalo do Amarante;São Gonçalo do Amarante - CE;0.08677685950413223;Baixo;80.0;85.78;-3.6551844973681256;Atenção — abaixo da meta
4127502;273;0.25231811710350593;0.25231811710350593;0.25231811710350593;0.0;0.15384615384615385;42;0.15384615384615385;41;3.0;0.664;0.519;543.05;0.55;25.2;39.64;0.8361204013377926;1.0;0.6889632107023411;17216314.07;510394.61;17726708.68;78.42;77.79;84.61538461538461;74.7681882896494;0.0;PR;Tibagi;Tibagi - PR;0.09710743801652892;Baixo;78.42;77.79;-3.6518117103506;Atenção — abaixo da meta
1600204;209;0.5475176550443541;0.5426813040448258;0.5426813040448258;1.0;0.5167464114832536;0;0.0;16;3.0;0.643;0.55;417.71;0.67;52.54;28.33;0.0;1.0;0.4669603524229075;15597306.9;0.0;15597306.9;48.89;39.25;48.325358851674636;45.24823449556459;100.0;AP;Calçoene;Calçoene - AP;0.6962809917355371;Moderado;48.89;39.25;-3.641765504435412;Atenção — abaixo da meta
2903607;100;0.6583248852054158;0.6583248852054158;0.6583248852054158;1.0;0.58;0;0.0;29;3.0;0.538;0.402;209.37;0.55;69.28;63.82;0.5319148936170213;1.0;0.4627659574468085;27445060.04;31231216.13;58676276.17;37.78;29.82;42.00000000000001;34.167511479458426;100.0;BA;Biritinga;Biritinga - BA;0.9442148760330579;Alto;37.78;29.82;-3.612488520541575;Atenção — abaixo da meta
2922102;176;0.6162947724185084;0.6162947724185084;0.6162947724185084;1.0;0.4715909090909091;0;0.0;29;3.0;0.59;0.429;346.89;0.65;60.54;57.55;0.9183673469387756;1.0;0.2653061224489796;20650103.45;21205143.2;41855246.65;41.86;33.33;52.84090909090908;38.370522758149164;100.0;BA;Mundo Novo;Mundo Novo - BA;0.8471074380165289;Alto;41.86;33.33;-3.4894772418508353;Atenção — abaixo da meta
2921054;103;0.49503226928130156;0.4950322692813016;0.4950322692813016;0.0;0.2524271844660194;26;0.2524271844660194;29;3.0;0.572;0.469;227.07;0.46;55.5;51.38;0.8709677419354839;1.0;1.0;10865057.88;7333404.83;18198462.71;53.91;42.52;74.75728155339806;50.49677307186984;0.0;BA;Matina;Matina - BA;0.5516528925619835;Moderado;53.91;42.52;-3.4132269281301575;Atenção — abaixo da meta
2409803;116;0.7106125374936136;0.7216080745329135;0.7216080745329135;1.0;0.7155172413793104;0;0.0;24;3.0;0.568;0.442;263.8;0.51;57.72;52.08;0.5637583892617449;1.0;0.3355704697986577;17423633.46;0.0;17423633.46;32.33;23.56;28.44827586206896;28.938746250638637;100.0;RN;Pedro Velho;Pedro Velho - RN;0.987603305785124;Alto;32.33;23.56;-3.3912537493613613;Atenção — abaixo da meta
3130200;124;0.3093682113111749;0.30936821131117487;0.30936821131117487;0.0;0.24193548387096775;30;0.24193548387096775;31;3.0;0.651;0.481;556.96;0.37;11.05;46.71;0.3129251700680272;1.0;0.4081632653061224;7737335.15;0.0;7737335.15;72.39;79.48;75.80645161290323;69.06317886888252;0.0;MG;Igaratinga;Igaratinga - MG;0.19421487603305784;Baixo;72.39;79.48;-3.326821131117484;Atenção — abaixo da meta
4122701;130;0.23252137347092838;0.23252137347092838;0.23252137347092838;0.0;0.007692307692307693;1;0.007692307692307693;41;3.0;0.74;0.676;663.2;0.41;8.36;24.52;1.0;1.0;1.0;9429798.9;64659.93;9494458.83;80.0;78.98;99.23076923076923;76.74786265290716;0.0;PR;Sabáudia;Sabáudia - PR;0.08264462809917356;Baixo;80.0;78.98;-3.252137347092841;Atenção — abaixo da meta
2613503;460;0.4562535574757087;0.4562535574757087;0.4562535574757087;0.0;0.3065217391304348;141;0.3065217391304348;26;3.0;0.61;0.52;275.14;0.54;58.89;48.66;0.631236442516269;1.0;0.3015184381778741;30210294.33;13147777.03;43358071.36;57.48;60.42;69.34782608695652;54.37464425242913;0.0;PE;São José do Belmonte;São José do Belmonte - PE;0.4834710743801653;Moderado;57.48;60.42;-3.1053557475708686;Atenção — abaixo da meta
5201801;171;0.3993423108215503;0.39934231082155025;0.39934231082155025;0.0;0.42105263157894735;72;0.42105263157894735;52;3.0;0.684;0.56;560.22;0.45;16.69;34.46;0.3157894736842105;1.0;0.0;9871829.11;0.0;9871829.11;63.15;62.84;57.89473684210527;60.06576891784496;0.0;GO;Aragoiânia;Aragoiânia - GO;0.3367768595041322;Baixo;63.15;62.84;-3.0842310821550356;Atenção — abaixo da meta
4125209;106;0.22949502105635547;0.22949502105635544;0.22949502105635544;0.0;0.018867924528301886;2;0.018867924528301886;41;3.0;0.722;0.656;641.7;0.47;18.46;28.09;0.46875;1.0;0.9296875;8329664.19;319675.71;8649339.9;80.0;84.59;98.11320754716981;77.05049789436445;0.0;PR;São Jorge d'Oeste;São Jorge d'Oeste - PR;0.08057851239669421;Baixo;80.0;84.59;-2.9495021056355455;Atenção — abaixo da meta
2606309;144;0.41382605006482887;0.41382605006482887;0.41382605006482887;0.0;0.375;54;0.375;26;3.0;0.595;0.502;234.9;0.54;68.43;47.82;0.6574074074074074;1.0;1.0;8225130.13;1908509.24;10133639.37;61.47;68.11;62.5;58.61739499351712;0.0;PE;Granito;Granito - PE;0.3739669421487603;Baixo;61.47;68.11;-2.8526050064828823;Atenção — abaixo da meta
2608503;143;0.2943285045691618;0.2943285045691618;0.2943285045691618;0.0;0.2517482517482518;36;0.2517482517482518;26;3.0;0.602;0.509;252.8;0.45;55.15;52.41;0.8888888888888888;1.0;0.7;15684063.65;4908580.93;20592644.58;73.36;79.42;74.82517482517483;70.56714954308381;0.0;PE;Lagoa de Itaenga;Lagoa de Itaenga - PE;0.1590909090909091;Baixo;73.36;79.42;-2.7928504569161845;Atenção — abaixo da meta
2102705;229;0.40857871244574073;0.40857871244574073;0.40857871244574073;0.0;0.24890829694323144;57;0.24890829694323144;21;3.0;0.565;0.468;176.61;0.6;72.5;50.06;0.6882591093117408;1.0;0.0;23271365.76;36149572.77;59420938.53;61.85;70.83;75.10917030567686;59.14212875542593;0.0;MA;Cantanhede;Cantanhede - MA;0.3615702479338843;Baixo;61.85;70.83;-2.707871244574072;Atenção — abaixo da meta
3126208;116;0.3534524987373352;0.3568610500736291;0.3568610500736291;0.0;0.22413793103448276;26;0.22413793103448276;31;3.0;0.64;0.51;370.41;0.54;42.6;34.63;0.5346534653465347;1.0;0.8613861386138614;6366898.86;0.0;6366898.86;67.22;74.9;77.58620689655173;64.65475012626648;0.0;MG;Formoso;Formoso - MG;0.24586776859504134;Baixo;67.22;74.9;-2.5652498737335208;Atenção — abaixo da meta
3150570;123;0.4415986960584598;0.4415986960584598;0.4415986960584598;0.0;0.3902439024390244;48;0.3902439024390244;31;3.0;0.594;0.469;260.14;0.54;56.86;47.58;0.2692307692307692;1.0;0.7307692307692307;5950291.31;965995.35;6916286.66;58.37;64.82000000000001;60.97560975609756;55.840130394154016;0.0;MG;Pintópolis;Pintópolis - MG;0.4359504132231405;Moderado;58.37;64.82000000000001;-2.529869605845981;Atenção — abaixo da meta
1501782;606;0.5670849018503131;0.5670849018503131;0.5670849018503131;1.0;0.4438943894389439;0;0.0;15;3.0;0.568;0.422;252.31;0.53;55.02;53.28;0.1712962962962963;1.0;0.8657407407407407;42297607.51;39310410.51;81608018.02;45.82;50.55;55.61056105610561;43.291509814968684;100.0;PA;Breu Branco;Breu Branco - PA;0.7541322314049587;Alto;45.82;50.55;-2.528490185031316;Atenção — abaixo da meta
1714880;161;0.6165939728098913;0.6165939728098913;0.6165939728098913;1.0;0.5341614906832298;0;0.0;17;3.0;0.631;0.535;365.84;0.52;38.77;39.11;1.0;1.0;0.4946236559139785;15230955.39;63013.14;15293968.53;40.82;40.7;46.58385093167702;38.340602719010874;100.0;TO;Nova Olinda;Nova Olinda - TO;0.8491735537190083;Alto;40.82;40.7;-2.479397280989126;Atenção — abaixo da meta
3122009;188;0.4317883986788623;0.4353023074011939;0.4353023074011939;0.0;0.2765957446808511;52;0.2765957446808511;31;3.0;0.605;0.421;426.94;0.52;39.34;53.24;0.4120171673819742;1.0;0.9012875536480688;11281630.66;0.0;11281630.66;59.2;67.15;72.34042553191489;56.82116013211377;0.0;MG;Divino;Divino - MG;0.42355371900826444;Moderado;59.2;67.15;-2.378839867886235;Atenção — abaixo da meta
3115805;105;0.23461665276729157;0.22171294846080725;0.27590850654804133;0.0;0.08571428571428572;9;0.08571428571428572;31;3.0;0.678;0.558;468.15;0.39;14.52;29.73;0.6504854368932039;1.0;1.0;8131320.4;427747.19;8559067.59;78.79;89.95;91.42857142857143;76.53833472327084;0.0;MG;Centralina;Centralina - MG;0.08471074380165289;Baixo;78.79;89.95;-2.2516652767291703;Atenção — abaixo da meta
4207684;111;0.3601326846120292;0.3526498186074123;0.36893605638216675;0.0;0.2882882882882883;32;0.2882882882882883;42;3.0;0.66;0.54;530.81;0.61;41.7;40.98;0.6706586826347305;1.0;0.592814371257485;5655437.84;0.0;5655437.84;66.16;77.74;71.17117117117118;63.98673153879708;0.0;SC;Ipuaçu;Ipuaçu - SC;0.2644628099173554;Baixo;66.16;77.74;-2.173268461202916;Atenção — abaixo da meta
3102605;329;0.38109592688327343;0.38109592688327343;0.38109592688327343;0.0;0.2066869300911854;68;0.2066869300911854;31;3.0;0.734;0.617;754.39;0.44;5.68;35.67;1.0;1.0;0.3888888888888889;23062365.0;0.0;23062365.0;64.03;75.04;79.33130699088146;61.89040731167266;0.0;MG;Andradas;Andradas - MG;0.30785123966942146;Baixo;64.03;75.04;-2.1395926883273404;Atenção — abaixo da meta
5102637;806;0.34127613130524853;0.34130296667701243;0.34130296667701243;0.0;0.16129032258064516;130;0.16129032258064516;51;3.0;0.734;0.649;823.32;0.45;3.3;29.07;0.7865030674846626;1.0;0.9791411042944784;61112598.66;0.0;61112598.66;67.98;69.9;83.87096774193549;65.87238686947514;0.0;MT;Campo Novo do Parecis;Campo Novo do Parecis - MT;0.23140495867768596;Baixo;67.98;69.9;-2.107613130524868;Atenção — abaixo da meta
4105706;210;0.268216434217433;0.268216434217433;0.268216434217433;0.0;0.20952380952380953;44;0.20952380952380953;41;3.0;0.694;0.573;696.71;0.58;25.21;41.07;0.9446808510638298;1.0;0.6127659574468085;14339070.32;799790.84;15138861.16;75.22;74.84;79.04761904761905;73.1783565782567;0.0;PR;Clevelândia;Clevelândia - PR;0.10950413223140495;Baixo;75.22;74.84;-2.041643421743302;Atenção — abaixo da meta
3147402;247;0.43050694901887765;0.4330112303427196;0.4330112303427196;0.0;0.3360323886639676;83;0.3360323886639676;31;3.0;0.694;0.625;530.79;0.45;23.34;24.83;0.4435146443514644;1.0;1.0;17239748.5;0.0;17239748.5;58.98;71.27;66.39676113360325;56.949305098112234;0.0;MG;Paraopeba;Paraopeba - MG;0.4194214876033058;Moderado;58.98;71.27;-2.030694901887763;Atenção — abaixo da meta
1502772;310;0.41520730251470567;0.4152073025147057;0.4152073025147057;0.0;0.2064516129032258;64;0.2064516129032258;15;3.0;0.636;0.536;319.35;0.54;44.42;35.37;0.7988165680473372;1.0;0.1715976331360946;27803895.72;33439491.66;61243387.38;60.3;72.88;79.35483870967742;58.47926974852944;0.0;PA;Curionópolis;Curionópolis - PA;0.378099173553719;Baixo;60.3;72.88;-1.8207302514705574;Atenção — abaixo da meta
2612802;123;0.29813314040699407;0.2981331404069941;0.2981331404069941;0.0;0.12195121951219512;15;0.12195121951219512;26;3.0;0.593;0.524;229.83;0.51;66.15;52.22;1.0;1.0;0.0921052631578947;10430743.48;3049487.82;13480231.3;72.0;79.68;87.8048780487805;70.1866859593006;0.0;PE;Santa Terezinha;Santa Terezinha - PE;0.1652892561983471;Baixo;72.0;79.68;-1.813314040699396;Atenção — abaixo da meta
3151305;105;0.2540371519595863;0.2540371519595863;0.2540371519595863;0.0;0.20952380952380953;22;0.20952380952380953;31;3.0;0.684;0.564;527.81;0.37;8.95;46.82;1.0;1.0;1.0;7163330.01;0.0;7163330.01;76.33;87.11;79.04761904761905;74.59628480404137;0.0;MG;Piraúba;Piraúba - MG;0.09917355371900827;Baixo;76.33;87.11;-1.7337151959586237;Atenção — abaixo da meta
2901155;207;0.5506025562042297;0.5506025562042297;0.5506025562042297;1.0;0.463768115942029;0;0.0;29;3.0;0.561;0.464;186.1;0.5;68.26;51.62;0.2426778242677824;1.0;0.5774058577405857;18955624.3;14174352.22;33129976.52;46.6;43.23;53.623188405797094;44.93974437957703;100.0;BA;América Dourada;América Dourada - BA;0.7066115702479339;Alto;46.6;43.23;-1.6602556204229728;Atenção — abaixo da meta
2205854;104;0.33791766960756975;0.33791766960756975;0.33791766960756975;0.0;0.2980769230769231;31;0.2980769230769231;22;3.0;0.563;0.489;150.89;0.53;70.95;49.27;0.9478260869565216;1.0;0.0;14464366.15;12884765.2;27349131.35;67.86;55.88;70.1923076923077;66.20823303924303;0.0;PI;Madeiro;Madeiro - PI;0.22933884297520662;Baixo;67.86;55.88;-1.651766960756973;Atenção — abaixo da meta
2512101;291;0.35959316888423953;0.35959316888423953;0.35959316888423953;0.0;0.2542955326460481;74;0.2542955326460481;25;3.0;0.634;0.515;401.6;0.54;40.32;52.93;0.976027397260274;1.0;0.8116438356164384;31286009.91;14328289.55;45614299.46;65.6;65.57000000000001;74.5704467353952;64.04068311157604;0.0;PB;Pombal;Pombal - PB;0.26239669421487605;Baixo;65.6;65.57000000000001;-1.5593168884239503;Atenção — abaixo da meta
2611533;160;0.21546312593608138;0.2154631259360814;0.2154631259360814;0.0;0.025;4;0.025;26;3.0;0.577;0.482;216.87;0.49;62.29;41.41;0.5068493150684932;1.0;0.910958904109589;11164380.84;3511857.76;14676238.6;80.0;87.04;97.5;78.45368740639186;0.0;PE;Quixaba;Quixaba - PE;0.07644628099173553;Baixo;80.0;87.04;-1.5463125936081354;Atenção — abaixo da meta
3161007;134;0.28948539172577004;0.28948539172577004;0.28948539172577004;0.0;0.23134328358208955;31;0.23134328358208955;31;3.0;0.69;0.593;531.92;0.49;27.48;36.27;0.0;1.0;0.7714285714285715;11037597.22;0.0;11037597.22;72.5;84.25;76.86567164179104;71.051460827423;0.0;MG;São Domingos do Prata;São Domingos do Prata - MG;0.14256198347107438;Baixo;72.5;84.25;-1.448539172577;Atenção — abaixo da meta
3109501;141;0.26946743656329164;0.26946743656329164;0.26946743656329164;0.0;0.2553191489361702;36;0.2553191489361702;31;3.0;0.674;0.527;571.6;0.43;18.42;41.78;0.9333333333333332;1.0;0.9083333333333332;8014512.82;0.0;8014512.82;74.47;86.58;74.46808510638299;73.05325634367084;0.0;MG;Cabo Verde;Cabo Verde - MG;0.11570247933884298;Baixo;74.47;86.58;-1.4167436563291602;Atenção — abaixo da meta
5210109;296;0.32183042478299984;0.32183042478299984;0.32183042478299984;0.0;0.22635135135135134;67;0.22635135135135134;52;3.0;0.701;0.588;666.96;0.49;11.02;32.5;0.7096774193548387;1.0;0.7311827956989247;24382996.25;284845.43;24667841.68;69.21;74.13;77.36486486486487;67.81695752170002;0.0;GO;Ipameri;Ipameri - GO;0.20867768595041322;Baixo;69.21;74.13;-1.393042478299975;Atenção — abaixo da meta
2202604;239;0.24698037618014934;0.24698037618014934;0.24698037618014934;0.0;0.14644351464435146;35;0.14644351464435146;22;3.0;0.587;0.473;270.82;0.48;54.86;58.32;0.5655737704918032;1.0;0.1721311475409836;18921366.18;12848722.1;31770088.28;76.57;82.63;85.35564853556485;75.30196238198506;0.0;PI;Castelo do Piauí;Castelo do Piauí - PI;0.09504132231404959;Baixo;76.57;82.63;-1.2680376180149295;Atenção — abaixo da meta
5107875;492;0.28291497900390694;0.28291497900390694;0.28291497900390694;0.0;0.06707317073170732;33;0.06707317073170732;51;3.0;0.732;0.62;892.71;0.47;6.28;30.27;0.9873150105708244;1.0;0.678646934460888;40429168.42;1169395.86;41598564.28;72.97;84.38;93.29268292682926;71.7085020996093;0.0;MT;Sapezal;Sapezal - MT;0.1322314049586777;Baixo;72.97;84.38;-1.2614979003906939;Atenção — abaixo da meta
5220108;320;0.3043741216025383;0.3043741216025383;0.3043741216025383;0.0;0.15625;50;0.15625;52;3.0;0.731;0.67;712.23;0.48;8.38;26.46;1.0;1.0;0.8424068767908309;27317261.59;802637.62;28119899.21;70.81;76.27;84.375;69.56258783974617;0.0;GO;São Luís de Montes Belos;São Luís de Montes Belos - GO;0.18181818181818182;Baixo;70.81;76.27;-1.2474121602538304;Atenção — abaixo da meta
5213707;108;0.3034803206050135;0.3034803206050135;0.3034803206050135;0.0;0.1574074074074074;17;0.1574074074074074;52;3.0;0.707;0.622;637.58;0.49;18.52;30.11;1.0;1.0;0.98989898989899;6186975.95;0.0;6186975.95;70.85;75.02;84.25925925925925;69.65196793949865;0.0;GO;Montes Claros de Goiás;Montes Claros de Goiás - GO;0.1756198347107438;Baixo;70.85;75.02;-1.1980320605013475;Atenção — abaixo da meta
1504505;474;0.5003632930941052;0.5003632930941052;0.5003632930941052;1.0;0.6265822784810127;0;0.0;15;3.0;0.418;0.207;135.21;0.55;79.56;80.91;0.1019830028328611;1.0;0.405099150141643;42753829.81;46052841.72;88806671.53;51.16;28.64;37.34177215189873;49.96367069058948;100.0;PA;Melgaço;Melgaço - PA;0.5702479338842975;Moderado;51.16;28.64;-1.1963293094105154;Atenção — abaixo da meta
5004106;127;0.4355531274625908;0.4355531274625908;0.4355531274625908;0.0;0.3543307086614173;45;0.3543307086614173;50;3.0;0.675;0.549;541.87;0.57;31.0;43.21;0.0;1.0;0.0;9075959.57;0.0;9075959.57;57.63;64.58;64.56692913385827;56.44468725374092;0.0;MS;Guia Lopes da Laguna;Guia Lopes da Laguna - MS;0.42768595041322316;Moderado;57.63;64.58;-1.1853127462590791;Atenção — abaixo da meta
3165552;106;0.421704041807136;0.4196538328950352;0.4196538328950352;0.0;0.3018867924528302;32;0.3018867924528302;31;2.0;0.542;0.4;224.63;0.55;64.61;62.47;0.4896551724137931;1.0;0.903448275862069;4852129.38;85573.07;4937702.45;58.89;60.0;69.81132075471699;57.829595819286396;0.0;MG;Setubinha;Setubinha - MG;0.390495867768595;Baixo;58.89;60.0;-1.0604041807136042;Atenção — abaixo da meta
1503044;294;0.4279922992853278;0.4279922992853278;0.4279922992853278;0.0;0.2925170068027211;86;0.2925170068027211;15;3.0;0.583;0.437;283.57;0.62;56.36;49.35;0.4814814814814814;1.0;0.4646464646464646;17472696.03;12558212.89;30030908.92;58.23;67.37;70.74829931972789;57.20077007146722;0.0;PA;Floresta do Araguaia;Floresta do Araguaia - PA;0.40702479338842973;Moderado;58.23;67.37;-1.0292299285327786;Atenção — abaixo da meta
3131158;223;0.32567361964622876;0.32567361964622876;0.32567361964622876;0.0;0.26905829596412556;60;0.26905829596412556;31;3.0;0.665;0.562;403.9;0.4;25.78;32.35;0.8781725888324873;1.0;0.934010152284264;11012012.7;2222457.21;13234469.91;68.46;77.71000000000001;73.09417040358744;67.43263803537712;0.0;MG;Ipaba;Ipaba - MG;0.21074380165289255;Baixo;68.46;77.71000000000001;-1.0273619646228696;Atenção — abaixo da meta
2100477;382;0.5120219492699366;0.5120219492699366;0.5120219492699366;1.0;0.2801047120418848;0;0.0;21;3.0;0.558;0.483;144.91;0.57;76.49;52.55;0.9883177570093458;1.0;0.677570093457944;31074690.31;42460965.33;73535655.64;49.66;56.29;71.98952879581152;48.79780507300634;100.0;MA;Alto Alegre do Pindaré;Alto Alegre do Pindaré - MA;0.6053719008264463;Moderado;49.66;56.29;-0.8621949269936593;Atenção — abaixo da meta
2612471;141;0.2404087493565945;0.2404087493565945;0.2404087493565945;0.0;0.07092198581560284;10;0.07092198581560284;26;3.0;0.612;0.523;256.26;0.51;61.3;43.19;1.0;1.0;0.986013986013986;11686876.16;5316709.1;17003585.26;76.77;87.09;92.90780141843972;75.95912506434055;0.0;PE;Santa Cruz da Baixa Verde;Santa Cruz da Baixa Verde - PE;0.09090909090909091;Baixo;76.77;87.09;-0.8108749356594416;Atenção — abaixo da meta
2606507;209;0.3008469416081626;0.3008469416081626;0.3008469416081626;0.0;0.21052631578947367;44;0.21052631578947367;26;3.0;0.528;0.369;200.95;0.55;67.21;67.87;0.7064676616915423;1.0;0.3980099502487562;19833378.21;6882542.01;26715920.22;70.7;82.26;78.94736842105263;69.91530583918374;0.0;PE;Iati;Iati - PE;0.16942148760330578;Baixo;70.7;82.26;-0.7846941608162581;Atenção — abaixo da meta
2306405;1499;0.20765349538753672;0.20765349538753675;0.20765349538753675;0.0;0.1180787191460974;177;0.1180787191460974;23;3.0;0.64;0.613;264.08;0.56;59.1;32.93;0.875886524822695;1.0;0.8670212765957447;137949008.31;166442438.58;304391446.89;80.0;88.96000000000001;88.19212808539027;79.23465046124633;0.0;CE;Itapipoca;Itapipoca - CE;0.0743801652892562;Baixo;80.0;88.96000000000001;-0.765349538753668;Atenção — abaixo da meta
2301109;773;0.20761428459075015;0.20761428459075015;0.20761428459075015;0.0;0.13195342820181113;102;0.13195342820181113;23;3.0;0.655;0.624;349.26;0.53;45.0;30.98;0.966551326412918;1.0;0.8131487889273357;60134498.06;55997250.24;116131748.3;80.0;91.16;86.80465717981889;79.23857154092498;0.0;CE;Aracati;Aracati - CE;0.07231404958677685;Baixo;80.0;91.16;-0.7614284590750202;Atenção — abaixo da meta
2608255;158;0.45141940342077425;0.45141940342077425;0.45141940342077425;0.0;0.3037974683544304;48;0.3037974683544304;26;3.0;0.55;0.451;232.08;0.5;59.23;59.23;0.8089887640449438;1.0;0.6573033707865169;15177450.96;6392660.05;21570111.01;55.61;68.81;69.62025316455696;54.858059657922574;0.0;PE;Jucati;Jucati - PE;0.4607438016528926;Moderado;55.61;68.81;-0.7519403420774253;Atenção — abaixo da meta
5108402;4048;0.4237986189990656;0.4249525884818761;0.4249525884818761;0.0;0.2981719367588933;1207;0.2981719367588933;51;3.0;0.734;0.661;668.86;0.46;12.18;21.18;1.0;1.0;0.324974924774323;260382838.62;7555974.79;267938813.41;58.35;61.76;70.18280632411067;57.620138100093435;0.0;MT;Várzea Grande;Várzea Grande - MT;0.3987603305785124;Baixo;58.35;61.76;-0.7298618999065667;Atenção — abaixo da meta
4124806;124;0.20708205395295676;0.20708205395295676;0.20708205395295676;0.0;0.12903225806451613;16;0.12903225806451613;41;3.0;0.727;0.66;605.55;0.43;14.66;28.32;0.92;1.0;0.7866666666666666;10382159.25;0.0;10382159.25;80.0;87.16;87.09677419354838;79.29179460470432;0.0;PR;São João;São João - PR;0.07024793388429752;Baixo;80.0;87.16;-0.7082053952956784;Atenção — abaixo da meta
5105903;290;0.3610114808659943;0.3610114808659943;0.3610114808659943;0.0;0.36551724137931035;106;0.36551724137931035;51;3.0;0.699;0.611;533.53;0.46;18.18;27.18;0.9882352941176472;1.0;0.9137254901960784;13771169.39;0.0;13771169.39;64.47;60.61;63.44827586206896;63.89885191340057;0.0;MT;Nobres;Nobres - MT;0.2665289256198347;Baixo;64.47;60.61;-0.571148086599429;Atenção — abaixo da meta
5208806;1100;0.28024027956543474;0.28024027956543474;0.28024027956543474;0.0;0.10181818181818182;112;0.10181818181818182;52;3.0;0.694;0.596;529.59;0.39;11.31;32.47;1.0;1.0;0.687170474516696;60201254.92;7670466.23;67871721.15;72.54;81.01;89.81818181818181;71.97597204345652;0.0;GO;Goianira;Goianira - GO;0.13016528925619836;Baixo;72.54;81.01;-0.5640279565434838;Atenção — abaixo da meta
3202652;173;0.29108888041105474;0.29108888041105474;0.29108888041105474;0.0;0.12138728323699421;21;0.12138728323699421;32;3.0;0.637;0.493;481.28;0.51;28.1;53.4;0.9875776397515528;1.0;0.8012422360248447;13602545.19;3501402.01;17103947.2;71.41;81.49;87.86127167630057;70.89111195889453;0.0;ES;Irupi;Irupi - ES;0.15289256198347106;Baixo;71.41;81.49;-0.5188880411054697;Atenção — abaixo da meta
2306306;435;0.20398190267800165;0.20398190267800165;0.20398190267800165;0.0;0.09425287356321839;41;0.09425287356321839;23;3.0;0.623;0.568;263.18;0.54;57.51;38.35;0.9307282415630552;1.0;0.9520426287744228;38777492.37;36009470.64;74786963.01;80.0;89.55;90.57471264367815;79.60180973219984;0.0;CE;Itapajé;Itapajé - CE;0.06818181818181818;Baixo;80.0;89.55;-0.3981902678001603;Atenção — abaixo da meta
2802403;118;0.6538443275621424;0.6538443275621424;0.6538443275621424;1.0;0.3898305084745763;0;0.0;28;3.0;0.564;0.422;236.06;0.61;71.85;62.29;1.0;1.0;0.0;14528669.17;1351763.78;15880432.95;34.97;36.4;61.01694915254237;34.61556724378576;100.0;SE;Gararu;Gararu - SE;0.9421487603305785;Alto;34.97;36.4;-0.3544327562142371;Atenção — abaixo da meta
2907905;215;0.5730904292122186;0.5730904292122186;0.5730904292122186;1.0;0.5023255813953489;0;0.0;29;3.0;0.601;0.496;312.03;0.55;54.98;48.87;0.0;1.0;0.0;32612678.2;47800500.52;80413178.72;42.99;31.09;49.76744186046511;42.69095707877813;100.0;BA;Cipó;Cipó - BA;0.7644628099173554;Alto;42.99;31.09;-0.2990429212218686;Atenção — abaixo da meta
3136009;144;0.45405560981039916;0.45603980810747446;0.45603980810747446;0.0;0.3402777777777778;49;0.3402777777777778;31;3.0;0.587;0.448;281.18;0.53;57.07;58.84;0.1104294478527607;1.0;0.9325153374233128;12581904.66;0.0;12581904.66;54.86;64.1;65.97222222222221;54.59443901896008;0.0;MG;Joaíma;Joaíma - MG;0.4731404958677686;Moderado;54.86;64.1;-0.26556098103991843;Atenção — abaixo da meta
3149804;220;0.2849720002722298;0.2849720002722298;0.2849720002722298;0.0;0.1409090909090909;31;0.1409090909090909;31;3.0;0.723;0.571;861.29;0.55;9.31;33.78;1.0;1.0;1.0;15810405.91;0.0;15810405.91;71.73;83.41;85.9090909090909;71.50279997277703;0.0;MG;Perdizes;Perdizes - MG;0.1384297520661157;Baixo;71.73;83.41;-0.2272000272229775;Atenção — abaixo da meta
4201703;107;0.19870014378194187;0.2114664389314569;0.2114664389314569;0.0;0.35514018691588783;38;0.35514018691588783;42;2.0;0.742;0.636;793.09;0.35;1.48;33.72;1.0;1.0;1.0;4811294.54;0.0;4811294.54;80.0;94.83;64.48598130841121;80.12998562180582;0.0;SC;Ascurra;Ascurra - SC;0.0640495867768595;Baixo;80.0;94.83;0.1299856218058153;Meta prevista como atingida
4127403;205;0.2768653337430468;0.2768653337430468;0.2768653337430468;0.0;0.16585365853658537;34;0.16585365853658537;41;3.0;0.714;0.639;611.85;0.42;15.53;28.56;1.0;1.0;0.9862385321100916;15504758.77;531855.31;16036614.08;72.16;76.19;83.41463414634146;72.31346662569533;0.0;PR;Terra Roxa;Terra Roxa - PR;0.11983471074380166;Baixo;72.16;76.19;0.1534666256953301;Meta prevista como atingida
1504406;224;0.5601762333151974;0.5601762333151974;0.5601762333151974;1.0;0.5267857142857143;0;0.0;15;3.0;0.609;0.521;277.01;0.54;56.7;38.99;0.4767441860465116;1.0;0.311046511627907;22308680.47;20927152.45;43235832.92;43.72;45.42;47.32142857142857;43.98237666848026;100.0;PA;Marapanim;Marapanim - PA;0.7396694214876033;Alto;43.72;45.42;0.26237666848026464;Meta prevista como atingida
2932507;186;0.48602761093928726;0.48602761093928726;0.48602761093928726;0.0;0.3387096774193548;63;0.3387096774193548;29;3.0;0.56;0.424;303.78;0.52;50.87;51.31;0.7433962264150943;1.0;0.3584905660377358;24491418.03;16700816.17;41192234.2;51.08;58.16;66.12903225806453;51.39723890607127;0.0;BA;Una;Una - BA;0.5289256198347108;Moderado;51.08;58.16;0.3172389060712746;Meta prevista como atingida
2701605;245;0.4298402146168669;0.42984021461686694;0.42984021461686694;0.0;0.20816326530612245;51;0.20816326530612245;27;3.0;0.506;0.357;183.83;0.6;76.18;72.82;0.9219330855018588;1.0;0.4126394052044609;37912006.56;20809012.09;58721018.65;56.64;62.21;79.18367346938776;57.015978538313306;0.0;AL;Canapi;Canapi - AL;0.4132231404958678;Moderado;56.64;62.21;0.37597853831330497;Meta prevista como atingida
5106224;932;0.3014352374458731;0.3014352374458731;0.3014352374458731;0.0;0.13090128755364808;122;0.13090128755364808;51;3.0;0.758;0.673;982.9;0.51;5.83;20.34;1.0;1.0;0.8675496688741722;73416400.14;0.0;73416400.14;69.28;74.86;86.9098712446352;69.85647625541269;0.0;MT;Nova Mutum;Nova Mutum - MT;0.17148760330578514;Baixo;69.28;74.86;0.5764762554126861;Meta prevista como atingida
2707503;158;0.2778209215955534;0.2738128501647419;0.288205470302656;0.0;0.2088607594936709;33;0.2088607594936709;27;3.0;0.551;0.431;195.26;0.61;73.97;56.97;0.582995951417004;1.0;0.0;20015475.3;13358966.91;33374442.21;71.61;83.74;79.11392405063292;72.21790784044467;0.0;AL;Porto Real do Colégio;Porto Real do Colégio - AL;0.12396694214876033;Baixo;71.61;83.74;0.6079078404446676;Meta prevista como atingida
2311306;780;0.19270029628757748;0.19270029628757745;0.19270029628757745;0.0;0.11025641025641025;86;0.11025641025641025;23;3.0;0.659;0.624;317.66;0.53;53.47;32.24;0.8399545970488081;1.0;0.2213393870601589;59683897.26;56368362.19;116052259.45;80.0;92.49;88.97435897435896;80.72997037124226;0.0;CE;Quixadá;Quixadá - CE;0.05991735537190083;Baixo;80.0;92.49;0.7299703712422598;Meta prevista como atingida
1100254;212;0.3082715946780842;0.31097739299210136;0.31097739299210136;0.0;0.1792452830188679;38;0.1792452830188679;11;3.0;0.664;0.55;520.2;0.53;29.23;40.56;0.9055793991416308;1.0;0.96137339055794;13279811.14;0.0;13279811.14;68.1;71.14;82.0754716981132;69.17284053219159;0.0;RO;Presidente Médici;Presidente Médici - RO;0.1921487603305785;Baixo;68.1;71.14;1.0728405321915915;Meta prevista como atingida
2921302;122;0.5091279724987021;0.5091279724987021;0.5091279724987021;1.0;0.3360655737704918;0;0.0;29;3.0;0.622;0.518;313.88;0.51;50.31;48.03;1.0;1.0;0.1153846153846153;9161110.01;4164559.55;13325669.56;47.96;46.05;66.39344262295081;49.08720275012979;100.0;BA;Milagres;Milagres - BA;0.5888429752066116;Moderado;47.96;46.05;1.1272027501297899;Meta prevista como atingida
1100189;532;0.25905709647432995;0.25905709647432995;0.25905709647432995;0.0;0.17669172932330826;94;0.17669172932330826;11;3.0;0.71;0.613;734.76;0.54;16.46;29.97;0.9275929549902152;1.0;0.62426614481409;37114049.21;0.0;37114049.21;72.95;81.06;82.33082706766918;74.094290352567;0.0;RO;Pimenta Bueno;Pimenta Bueno - RO;0.1012396694214876;Baixo;72.95;81.06;1.1442903525669976;Meta prevista como atingida
2314003;353;0.18764290061395905;0.18764290061395905;0.18764290061395905;0.0;0.0679886685552408;24;0.0679886685552408;23;3.0;0.629;0.576;276.17;0.54;63.87;36.57;0.6666666666666666;1.0;0.3004694835680751;29142032.37;27455576.08;56597608.45;80.0;90.9;93.20113314447592;81.23570993860409;0.0;CE;Várzea Alegre;Várzea Alegre - CE;0.05785123966942149;Baixo;80.0;90.9;1.2357099386040886;Meta prevista como atingida
2203701;337;0.34259563174193364;0.34259563174193364;0.34259563174193364;0.0;0.14836795252225518;50;0.14836795252225518;22;3.0;0.605;0.497;293.39;0.51;52.07;45.35;0.0997963340122199;1.0;0.1690427698574338;42111391.54;36190046.52;78301438.06;64.5;73.13;85.16320474777447;65.74043682580664;0.0;PI;Esperantina;Esperantina - PI;0.2334710743801653;Baixo;64.5;73.13;1.2404368258066398;Meta prevista como atingida
4127205;233;0.18725012158896104;0.18725012158896104;0.18725012158896104;0.0;0.05150214592274678;12;0.05150214592274678;41;3.0;0.728;0.68;653.34;0.4;5.03;26.66;0.813953488372093;1.0;0.9728682170542636;15036058.35;513130.18;15549188.53;80.0;89.10000000000001;94.84978540772532;81.2749878411039;0.0;PR;Terra Boa;Terra Boa - PR;0.05578512396694215;Baixo;80.0;89.10000000000001;1.2749878411038935;Meta prevista como atingida
4120002;105;0.2265757525794967;0.2265757525794967;0.2265757525794967;0.0;0.23809523809523808;25;0.23809523809523808;41;3.0;0.738;0.661;742.25;0.44;4.07;16.49;1.0;1.0;1.0;7488656.61;0.0;7488656.61;76.06;87.25;76.19047619047619;77.34242474205033;0.0;PR;Porecatu;Porecatu - PR;0.07851239669421488;Baixo;76.06;87.25;1.282424742050324;Meta prevista como atingida
2611903;217;0.1870724727277577;0.18707247272775773;0.18707247272775773;0.0;0.018433179723502304;4;0.018433179723502304;26;3.0;0.613;0.506;264.16;0.44;49.89;48.48;0.8450184501845018;1.0;0.8154981549815498;26793627.42;10023060.94;36816688.36;80.0;90.91;98.15668202764977;81.29275272722423;0.0;PE;Rio Formoso;Rio Formoso - PE;0.05371900826446281;Baixo;80.0;90.91;1.2927527272242259;Meta prevista como atingida
5106232;225;0.38275891135714557;0.38275891135714557;0.38275891135714557;0.0;0.23555555555555555;53;0.23555555555555555;51;3.0;0.682;0.561;639.03;0.56;15.3;38.44;1.0;1.0;0.9601593625498008;17509943.19;0.0;17509943.19;60.28;57.29;76.44444444444444;61.72410886428544;0.0;MT;Nova Olímpia;Nova Olímpia - MT;0.30991735537190085;Baixo;60.28;57.29;1.4441088642854396;Meta prevista como atingida
3137403;144;0.2902295366063594;0.2902295366063594;0.2902295366063594;0.0;0.09027777777777778;13;0.09027777777777778;31;3.0;0.676;0.554;522.62;0.53;35.58;50.35;0.7005988023952096;1.0;0.8922155688622755;14027272.47;460152.7;14487425.17;69.09;87.23;90.97222222222221;70.97704633936405;0.0;MG;Lagoa Dourada;Lagoa Dourada - MG;0.15082644628099173;Baixo;69.09;87.23;1.8870463393640478;Meta prevista como atingida
2922706;146;0.5370016856015458;0.5370016856015458;0.5370016856015458;1.0;0.4931506849315068;0;0.0;29;3.0;0.545;0.37;251.9;0.46;55.61;71.15;0.7889908256880734;1.0;0.5045871559633027;19338662.24;16621755.57;35960417.81;44.35;50.0;50.68493150684932;46.29983143984542;100.0;BA;Nova Canaã;Nova Canaã - BA;0.6611570247933884;Moderado;44.35;50.0;1.9498314398454184;Meta prevista como atingida
5106216;202;0.33537807775349904;0.33537807775349904;0.33537807775349904;0.0;0.19801980198019803;40;0.19801980198019803;51;3.0;0.686;0.572;591.9;0.55;25.46;38.58;1.0;1.0;0.16;13899652.95;0.0;13899652.95;64.21;68.51;80.19801980198021;66.4621922246501;0.0;MT;Nova Canaã do Norte;Nova Canaã do Norte - MT;0.22520661157024793;Baixo;64.21;68.51;2.252192224650102;Meta prevista como atingida
2108108;255;0.2028397807585428;0.2028397807585428;0.2028397807585428;0.0;0.054901960784313725;14;0.054901960784313725;21;3.0;0.549;0.447;239.23;0.58;61.01;57.07;0.0;1.0;0.237037037037037;25131109.36;37043546.5;62174655.86;77.38;90.57;94.50980392156862;79.71602192414572;0.0;MA;Paulo Ramos;Paulo Ramos - MA;0.06611570247933884;Baixo;77.38;90.57;2.336021924145726;Meta prevista como atingida
3112307;537;0.333171323848807;0.33408852941241085;0.33408852941241085;0.0;0.2271880819366853;122;0.2271880819366853;31;3.0;0.653;0.527;432.55;0.52;35.71;49.84;0.875968992248062;1.0;0.9476744186046512;23823743.69;4465116.0;28288859.69;64.07;80.94;77.28119180633148;66.6828676151193;0.0;MG;Capelinha;Capelinha - MG;0.22107438016528927;Baixo;64.07;80.94;2.6128676151193133;Meta prevista como atingida
3137502;220;0.3047592637737453;0.3047592637737453;0.3047592637737453;0.0;0.16818181818181818;37;0.16818181818181818;31;3.0;0.703;0.582;693.25;0.49;11.38;37.4;1.0;1.0;1.0;12594521.48;0.0;12594521.48;66.85;82.01;83.18181818181817;69.52407362262547;0.0;MG;Lagoa Formosa;Lagoa Formosa - MG;0.18801652892561985;Baixo;66.85;82.01;2.674073622625471;Meta prevista como atingida
2104008;200;0.3082143258860762;0.3082143258860762;0.3082143258860762;0.0;0.13;26;0.13;21;3.0;0.586;0.503;262.41;0.59;60.01;43.54;0.1497975708502024;1.0;0.1538461538461538;16119915.97;20540216.41;36660132.38;66.08;81.48;87.0;69.17856741139238;0.0;MA;Esperantinópolis;Esperantinópolis - MA;0.19008264462809918;Baixo;66.08;81.48;3.0985674113923807;Meta prevista como atingida
3102001;171;0.28987379747645015;0.28987379747645015;0.28987379747645015;0.0;0.11695906432748537;20;0.11695906432748537;31;3.0;0.668;0.536;475.99;0.44;19.13;42.07;1.0;1.0;1.0;10752177.93;0.0;10752177.93;67.53;85.54;88.30409356725146;71.01262025235499;0.0;MG;Alterosa;Alterosa - MG;0.14669421487603307;Baixo;67.53;85.54;3.482620252354991;Meta prevista como atingida
2507309;142;0.47610183909512227;0.47610183909512227;0.47610183909512227;0.0;0.4647887323943662;66;0.4647887323943662;25;3.0;0.558;0.435;250.76;0.54;64.17;63.11;0.6130653266331658;1.0;0.4371859296482412;21114737.51;7537856.73;28652594.24;48.68;51.18;53.52112676056338;52.38981609048777;0.0;PB;Jacaraú;Jacaraú - PB;0.5103305785123967;Moderado;48.68;51.18;3.70981609048777;Meta prevista como atingida
3112901;109;0.3018295880502857;0.3018295880502857;0.3018295880502857;0.0;0.25688073394495414;28;0.25688073394495414;31;3.0;0.615;0.471;353.65;0.57;54.89;57.07;0.2282608695652173;1.0;0.8695652173913043;7925385.32;1531065.57;9456450.89;66.1;83.3;74.31192660550458;69.81704119497142;0.0;MG;Caputira;Caputira - MG;0.17355371900826447;Baixo;66.1;83.3;3.7170411949714293;Meta prevista como atingida
5004403;122;0.4836949544888436;0.4836949544888436;0.4836949544888436;0.0;0.4262295081967213;52;0.4262295081967213;50;3.0;0.681;0.531;633.12;0.48;9.95;38.37;0.8306451612903226;1.0;1.0;8632593.64;0.0;8632593.64;47.77;51.7;57.377049180327866;51.63050455111564;0.0;MS;Inocência;Inocência - MS;0.5227272727272727;Moderado;47.77;51.7;3.860504551115639;Meta prevista como atingida
2101707;728;0.3536652949759216;0.3536652949759216;0.3536652949759216;0.0;0.17582417582417584;128;0.17582417582417584;21;3.0;0.57;0.479;197.08;0.61;65.66;56.71;0.3223854796888504;1.0;0.4883318928262748;58762657.28;75000743.19;133763400.47;60.01;78.52;82.41758241758241;64.63347050240785;0.0;MA;Barreirinhas;Barreirinhas - MA;0.24793388429752067;Baixo;60.01;78.52;4.623470502407848;Meta prevista como atingida
2304269;101;0.14952222898468237;0.14952222898468237;0.14952222898468237;0.0;0.04950495049504951;5;0.04950495049504951;23;3.0;0.609;0.562;233.15;0.5;63.25;40.45;1.0;1.0;1.0;8721227.43;11266478.41;19987705.84;80.0;98.82;95.04950495049505;85.04777710153176;0.0;CE;Deputado Irapuan Pinheiro;Deputado Irapuan Pinheiro - CE;0.05165289256198347;Baixo;80.0;98.82;5.047777101531764;Meta prevista como atingida
5204300;133;0.1945262824901589;0.1945262824901589;0.1945262824901589;0.0;0.09022556390977443;12;0.09022556390977443;52;3.0;0.73;0.599;987.3;0.53;6.34;36.71;0.7265625;1.0;0.609375;11687073.87;246547.53;11933621.4;75.3;91.38;90.97744360902256;80.54737175098411;0.0;GO;Caçu;Caçu - GO;0.06198347107438017;Baixo;75.3;91.38;5.247371750984115;Meta prevista como atingida
3144102;183;0.3936401938340577;0.3936401938340577;0.3936401938340577;0.0;0.23497267759562843;43;0.23497267759562843;31;3.0;0.74;0.652;719.94;0.46;12.0;27.95;1.0;1.0;0.8811881188118812;12501369.56;202855.56;12704225.12;55.11;75.51;76.50273224043715;60.63598061659423;0.0;MG;Muzambinho;Muzambinho - MG;0.32644628099173556;Baixo;55.11;75.51;5.525980616594232;Meta prevista como atingida
2201960;101;0.4689976683913175;0.4689976683913175;0.4689976683913175;0.0;0.0891089108910891;9;0.0891089108910891;22;3.0;0.577;0.446;281.71;0.48;46.27;59.49;0.9514563106796116;1.0;0.6310679611650486;9448877.77;10367268.58;19816146.35;47.4;42.58;91.0891089108911;53.10023316086825;0.0;PI;Brasileira;Brasileira - PI;0.5;Moderado;47.4;42.58;5.700233160868251;Meta prevista como atingida
1300201;232;0.3153619673512753;0.3164756483813649;0.3164756483813649;0.0;0.3275862068965517;76;0.3275862068965517;13;3.0;0.45;0.259;159.21;0.65;72.37;67.89;0.3843843843843844;1.0;0.036036036036036;22327286.42;30077059.93;52404346.35;62.63;84.07000000000001;67.24137931034483;68.46380326487247;0.0;AM;Atalaia do Norte;Atalaia do Norte - AM;0.2066115702479339;Baixo;62.63;84.07000000000001;5.833803264872465;Meta prevista como atingida
2310100;107;0.1379614546127388;0.1379614546127388;0.1379614546127388;0.0;0.102803738317757;11;0.102803738317757;23;3.0;0.622;0.551;315.23;0.63;64.01;41.05;0.9541984732824428;1.0;0.9541984732824428;8750738.85;7488117.33;16238856.18;80.0;94.31;89.7196261682243;86.20385453872612;0.0;CE;Palmácia;Palmácia - CE;0.049586776859504134;Baixo;80.0;94.31;6.2038545387261195;Meta prevista como atingida
2312809;107;0.13219007716593612;0.13219007716593612;0.13219007716593612;0.0;0.0;0;0.0;23;3.0;0.603;0.565;214.23;0.52;67.39;41.65;0.576271186440678;1.0;0.7966101694915254;9055819.1;11118285.06;20174104.16;80.0;99.12;100.0;86.78099228340639;0.0;CE;Senador Sá;Senador Sá - CE;0.047520661157024795;Baixo;80.0;99.12;6.780992283406391;Meta prevista como atingida
2501401;121;0.5583683519126353;0.5597697634175881;0.5597697634175881;1.0;0.4297520661157025;0;0.0;25;3.0;0.581;0.495;231.78;0.58;66.92;48.05;1.0;1.0;0.489247311827957;17264021.65;10927469.76;28191491.41;37.3;44.76;57.02479338842975;44.16316480873647;100.0;PB;Baía da Traição;Baía da Traição - PB;0.7293388429752066;Alto;37.3;44.76;6.863164808736471;Meta prevista como atingida
2300705;128;0.12814788847187342;0.12814788847187342;0.12814788847187342;0.0;0.0234375;3;0.0234375;23;3.0;0.601;0.499;265.07;0.48;53.19;46.73;0.8617511520737328;1.0;0.7142857142857143;14854602.14;13818807.4;28673409.54;80.0;94.16;97.65625;87.18521115281266;0.0;CE;Alto Santo;Alto Santo - CE;0.045454545454545456;Baixo;80.0;94.16;7.185211152812656;Meta prevista como atingida
1301506;227;0.6502730135688477;0.6215107789458106;0.6825297252956182;1.0;0.21585903083700442;0;0.0;13;2.0;0.509;0.349;204.98;0.64;68.11;62.23;0.0;1.0;0.1046831955922865;18061978.23;18759584.14;36821562.37;27.7;19.3;78.41409691629956;34.97269864311523;100.0;AM;Envira;Envira - AM;0.9359504132231405;Alto;27.7;19.3;7.2726986431152305;Meta prevista como atingida
2706422;100;0.38679739971139904;0.3897887599875306;0.3897887599875306;0.0;0.29;29;0.29;27;3.0;0.548;0.416;211.13;0.5;61.41;61.5;0.8896103896103896;1.0;0.5;13442133.26;8659092.15;22101225.41;53.73;68.76;71.0;61.3202600288601;0.0;AL;Pariconha;Pariconha - AL;0.3181818181818182;Baixo;53.73;68.76;7.590260028860101;Meta prevista como atingida
2404705;123;0.6333375892507194;0.6379960405493177;0.6379960405493177;1.0;0.6341463414634146;0;0.0;24;3.0;0.603;0.518;273.8;0.48;51.11;43.49;0.7142857142857143;1.0;0.7916666666666666;14283809.68;936904.25;15220713.93;28.51;43.03;36.58536585365854;36.66624107492807;100.0;RN;Ipanguaçu;Ipanguaçu - RN;0.890495867768595;Alto;28.51;43.03;8.156241074928065;Meta prevista como atingida
2110906;165;0.3038238883122928;0.3038238883122928;0.3038238883122928;0.0;0.15757575757575756;26;0.15757575757575756;21;3.0;0.528;0.4;182.63;0.57;68.83;64.87;0.754601226993865;1.0;0.7791411042944786;11979231.2;15453659.37;27432890.57;60.66;83.35000000000001;84.24242424242424;69.61761116877072;0.0;MA;São Francisco do Maranhão;São Francisco do Maranhão - MA;0.1797520661157025;Baixo;60.66;83.35000000000001;8.957611168770725;Meta prevista como atingida
2310803;290;0.10488974421006814;0.10488974421006814;0.10488974421006814;0.0;0.06551724137931035;19;0.06551724137931035;23;3.0;0.601;0.534;209.49;0.53;68.35;43.18;0.7341269841269841;1.0;0.753968253968254;20015765.75;20685441.05;40701206.8;80.0;93.44;93.44827586206897;89.51102557899318;0.0;CE;Pereiro;Pereiro - CE;0.04132231404958678;Baixo;80.0;93.44;9.511025578993184;Meta prevista como atingida
2303931;172;0.10285937839409796;0.10285937839409798;0.10285937839409798;0.0;0.040697674418604654;7;0.040697674418604654;23;3.0;0.585;0.523;171.62;0.58;74.84;40.33;0.5;1.0;0.4277108433734939;11393748.58;8733675.36;20127423.94;80.0;95.42;95.93023255813954;89.7140621605902;0.0;CE;Choró;Choró - CE;0.03925619834710744;Baixo;80.0;95.42;9.714062160590203;Meta prevista como atingida
2307635;230;0.09389279844111287;0.09389279844111287;0.09389279844111287;0.0;0.0391304347826087;9;0.0391304347826087;23;3.0;0.61;0.545;225.22;0.58;67.29;42.41;0.912442396313364;1.0;0.8525345622119815;20693765.07;21638984.74;42332749.81;80.0;95.31;96.08695652173913;90.61072015588871;0.0;CE;Madalena;Madalena - CE;0.0371900826446281;Baixo;80.0;95.31;10.610720155888714;Meta prevista como atingida
2102077;121;0.09276294095358673;0.09276294095358673;0.09276294095358673;0.0;0.08264462809917356;10;0.08264462809917356;21;3.0;0.562;0.493;164.44;0.49;69.29;48.25;0.0;1.0;0.0;10913621.3;13042567.67;23956188.97;80.0;95.28;91.73553719008265;90.72370590464132;0.0;MA;Bom Lugar;Bom Lugar - MA;0.03512396694214876;Baixo;80.0;95.28;10.72370590464132;Meta prevista como atingida
2108702;183;0.48737040589195463;0.4873704058919547;0.4873704058919547;0.0;0.41530054644808745;76;0.41530054644808745;21;3.0;0.541;0.408;223.37;0.53;59.67;60.23;0.483974358974359;1.0;0.032051282051282;30458133.35;38749026.88;69207160.23;40.27;63.6;58.46994535519126;51.26295941080454;0.0;MA;Pio XII;Pio XII - MA;0.5330578512396694;Moderado;40.27;63.6;10.992959410804538;Meta prevista como atingida
2105963;123;0.08507670259142064;0.08507670259142064;0.08507670259142064;0.0;0.08130081300813008;10;0.08130081300813008;21;3.0;0.502;0.36;158.3;0.54;69.74;63.9;1.0;1.0;0.1096774193548387;10999615.96;16392371.62;27391987.58;80.0;97.12;91.869918699187;91.49232974085794;0.0;MA;Lagoa Grande do Maranhão;Lagoa Grande do Maranhão - MA;0.03305785123966942;Baixo;80.0;97.12;11.49232974085794;Meta prevista como atingida
2106375;125;0.10626884119992497;0.10626884119992497;0.10626884119992497;0.0;0.272;34;0.272;21;3.0;0.55;0.465;176.36;0.51;66.97;53.12;0.1024390243902439;0.9609756097560976;0.2341463414634146;24986984.03;38261014.82;63247998.85;77.48;97.62;72.8;89.3731158800075;0.0;MA;Maranhãozinho;Maranhãozinho - MA;0.04338842975206612;Baixo;77.48;97.62;11.8931158800075;Meta prevista como atingida
2312106;188;0.08078690971605273;0.08078690971605273;0.08078690971605273;0.0;0.05319148936170213;10;0.05319148936170213;23;3.0;0.612;0.557;212.7;0.56;72.61;39.38;0.8085106382978723;1.0;0.9627659574468084;14822466.13;12928622.48;27751088.61;80.0;96.45;94.68085106382979;91.92130902839473;0.0;CE;Santana do Cariri;Santana do Cariri - CE;0.030991735537190084;Baixo;80.0;96.45;11.921309028394731;Meta prevista como atingida
2312700;190;0.07990804560052445;0.07990804560052445;0.07990804560052445;0.0;0.0;0;0.0;23;3.0;0.619;0.537;283.8;0.51;55.94;45.55;0.9322033898305084;1.0;0.2457627118644068;14690184.8;11752831.36;26443016.16;80.0;98.44;100.0;92.00919543994756;0.0;CE;Senador Pompeu;Senador Pompeu - CE;0.028925619834710745;Baixo;80.0;98.44;12.009195439947561;Meta prevista como atingida
2308351;167;0.0771470501510576;0.0771470501510576;0.0771470501510576;0.0;0.0;0;0.0;23;3.0;0.626;0.558;260.95;0.54;63.95;45.6;0.945945945945946;1.0;0.945945945945946;11274298.23;11753482.21;23027780.44;80.0;97.92;100.0;92.28529498489424;0.0;CE;Milhã;Milhã - CE;0.026859504132231406;Baixo;80.0;97.92;12.285294984894236;Meta prevista como atingida
5106778;134;0.41954016958389273;0.41954016958389273;0.41954016958389273;0.0;0.26119402985074625;35;0.26119402985074625;51;3.0;0.673;0.587;449.5;0.52;33.18;33.16;1.0;1.0;0.5595238095238095;10615434.25;0.0;10615434.25;45.7;53.25;73.88059701492537;58.045983041610725;0.0;MT;Porto Alegre do Norte;Porto Alegre do Norte - MT;0.38636363636363635;Baixo;45.7;53.25;12.345983041610722;Meta prevista como atingida
2312908;2524;0.07453924143658286;0.07453924143658286;0.07453924143658286;0.0;0.03169572107765452;80;0.03169572107765452;23;3.0;0.714;0.675;448.89;0.56;37.99;26.08;0.315483603154836;1.0;0.8746367787463678;164914219.42;155122836.48;320037055.9;80.0;98.58;96.83042789223455;92.54607585634172;0.0;CE;Sobral;Sobral - CE;0.024793388429752067;Baixo;80.0;98.58;12.546075856341716;Meta prevista como atingida
2208205;194;0.38319403075614344;0.38319403075614344;0.38319403075614344;0.0;0.4536082474226804;88;0.4536082474226804;22;3.0;0.564;0.44;227.79;0.56;64.81;57.87;0.7109004739336493;1.0;0.3080568720379147;16650098.04;15963036.33;32613134.37;49.06;58.16;54.639175257731964;61.680596924385654;0.0;PI;Pio IX;Pio IX - PI;0.3119834710743802;Baixo;49.06;58.16;12.620596924385652;Meta prevista como atingida
2305332;149;0.06860677804582382;0.06860677804582382;0.06860677804582382;0.0;0.013422818791946308;2;0.013422818791946308;23;3.0;0.606;0.571;196.54;0.52;70.4;36.95;0.9387755102040816;1.0;1.0;14734843.59;14035831.28;28770674.87;80.0;96.67;98.65771812080537;93.13932219541762;0.0;CE;Ibicuitinga;Ibicuitinga - CE;0.022727272727272728;Baixo;80.0;96.67;13.13932219541762;Meta prevista como atingida
2309003;180;0.06514649034722231;0.06514649034722231;0.06514649034722231;0.0;0.0;0;0.0;23;3.0;0.607;0.541;269.65;0.57;63.64;43.43;0.6385542168674698;1.0;0.8734939759036144;13137496.86;11225814.56;24363311.42;80.0;98.82;100.0;93.48535096527777;0.0;CE;Mucambo;Mucambo - CE;0.02066115702479339;Baixo;80.0;98.82;13.485350965277775;Meta prevista como atingida
2305654;115;0.0647482894651209;0.0647482894651209;0.0647482894651209;0.0;0.008695652173913044;1;0.008695652173913044;23;3.0;0.579;0.506;182.11;0.55;75.32;50.04;1.0;1.0;0.8794326241134752;12262940.89;14777756.57;27040697.46;80.0;99.16;99.1304347826087;93.52517105348791;0.0;CE;Ipaporanga;Ipaporanga - CE;0.01859504132231405;Baixo;80.0;99.16;13.52517105348791;Meta prevista como atingida
2300200;838;0.059728342185701784;0.05972834218570178;0.05972834218570178;0.0;0.014319809069212411;12;0.014319809069212411;23;3.0;0.601;0.517;250.79;0.6;65.45;48.31;0.638646288209607;1.0;0.5338427947598253;55637055.89;53155883.26;108792939.15;80.0;97.71;98.56801909307876;94.02716578142983;0.0;CE;Acaraú;Acaraú - CE;0.01652892561983471;Baixo;80.0;97.71;14.02716578142983;Meta prevista como atingida
2311702;205;0.05904160660373347;0.059041606603733476;0.059041606603733476;0.0;0.01951219512195122;4;0.01951219512195122;23;3.0;0.601;0.509;260.65;0.6;67.62;48.93;0.8995215311004785;1.0;0.6602870813397129;18092871.49;21614440.1;39707311.59;80.0;98.5;98.04878048780488;94.09583933962665;0.0;CE;Reriutaba;Reriutaba - CE;0.014462809917355372;Baixo;80.0;98.5;14.09583933962665;Meta prevista como atingida
2311959;241;0.05883394565314193;0.05883394565314193;0.05883394565314193;0.0;0.04149377593360996;10;0.04149377593360996;23;3.0;0.54;0.434;176.75;0.49;68.14;62.13;0.8540925266903915;1.0;0.3558718861209964;19842295.23;19725430.96;39567726.19;80.0;98.39;95.850622406639;94.11660543468581;0.0;CE;Salitre;Salitre - CE;0.012396694214876033;Baixo;80.0;98.39;14.116605434685809;Meta prevista como atingida
2310506;432;0.05854535789253535;0.058545357892535344;0.058545357892535344;0.0;0.0023148148148148147;1;0.0023148148148148147;23;3.0;0.603;0.521;231.56;0.5;56.84;46.65;1.0;1.0;0.4867021276595745;36045658.88;36231908.25;72277567.13;80.0;99.7;99.76851851851852;94.14546421074647;0.0;CE;Pedra Branca;Pedra Branca - CE;0.010330578512396695;Baixo;80.0;99.7;14.145464210746468;Meta prevista como atingida
2311009;174;0.057984043668597496;0.05293529252344953;0.09286632430780162;0.0;0.040229885057471264;7;0.040229885057471264;23;3.0;0.581;0.5;212.87;0.54;69.66;52.24;0.9006211180124224;1.0;0.6211180124223602;12529672.67;13780026.47;26309699.14;80.0;100.0;95.97701149425288;94.20159563314026;0.0;CE;Poranga;Poranga - CE;0.008264462809917356;Baixo;80.0;100.0;14.201595633140258;Meta prevista como atingida
2303006;212;0.05743703288415137;0.05743703288415136;0.05743703288415136;0.0;0.06132075471698113;13;0.06132075471698113;23;3.0;0.592;0.505;213.18;0.5;62.23;50.05;0.375;1.0;0.609375;22512990.23;21776793.11;44289783.34;80.0;98.73;93.86792452830188;94.25629671158487;0.0;CE;Caridade;Caridade - CE;0.006198347107438017;Baixo;80.0;98.73;14.256296711584866;Meta prevista como atingida
2310902;154;0.05711891677457758;0.05711891677457759;0.05711891677457759;0.0;0.006493506493506494;1;0.006493506493506494;23;3.0;0.6;0.523;217.02;0.52;66.47;47.05;0.0;1.0;0.4041095890410959;13330066.05;12826472.09;26156538.14;80.0;100.0;99.35064935064936;94.28810832254224;0.0;CE;Piquet Carneiro;Piquet Carneiro - CE;0.004132231404958678;Baixo;80.0;100.0;14.288108322542243;Meta prevista como atingida
2700904;104;0.04396272175951366;0.04396272175951366;0.04396272175951366;0.0;0.0;0;0.0;27;3.0;0.517;0.376;187.77;0.65;74.14;71.6;0.5714285714285714;1.0;0.5204081632653061;11860673.45;9284723.52;21145396.97;80.0;98.82;100.0;95.60372782404863;0.0;AL;Belo Monte;Belo Monte - AL;0.002066115702479339;Baixo;80.0;98.82;15.603727824048633;Meta prevista como atingida
5004809;138;0.5662704566496322;0.5717830080595072;0.5717830080595072;1.0;0.5652173913043478;0;0.0;50;3.0;0.526;0.337;241.32;0.66;71.62;70.83;1.0;1.0;1.0;19405277.19;0.0;19405277.19;27.25;41.76;43.47826086956522;43.37295433503678;100.0;MS;Japorã;Japorã - MS;0.75;Alto;27.25;41.76;16.12295433503678;Meta prevista como atingida
2102754;122;0.2634209989190759;0.2634209989190759;0.2634209989190759;0.0;0.12295081967213115;15;0.12295081967213115;21;3.0;0.537;0.43;200.15;0.57;67.4;54.42;0.6540880503144654;1.0;0.4842767295597484;10425339.94;11536876.25;21962216.19;49.37;91.14;87.70491803278688;73.6579001080924;0.0;MA;Capinzal do Norte;Capinzal do Norte - MA;0.10743801652892562;Baixo;49.37;91.14;24.28790010809241;Meta prevista como atingida
1300300;661;0.617692403074201;0.6356955662485244;0.6356955662485244;1.0;0.5824508320726173;0;0.0;13;3.0;0.577;0.446;228.43;0.59;61.72;43.9;0.4325842696629213;1.0;0.3370786516853932;39502365.74;34916808.61;74419174.35;;;41.75491679273827;38.230759692579895;100.0;AM;Autazes;Autazes - AM;0.8533057851239669;Alto;;;;Meta prevista como atingida
1300631;328;0.580148974339908;0.5955703759264348;0.5955703759264348;1.0;0.1951219512195122;0;0.0;13;3.0;0.506;0.346;193.4;0.65;72.5;61.46;0.5359019264448336;1.0;0.3607705779334501;27822031.84;23335940.83;51157972.67;;;80.48780487804879;41.9851025660092;100.0;AM;Beruri;Beruri - AM;0.7768595041322314;Alto;;;;Meta prevista como atingida
1301407;482;0.5793969110219637;0.5510544167435047;0.6218372262886716;1.0;0.5311203319502075;0;0.0;13;2.0;0.563;0.431;241.86;0.62;67.85;57.9;0.2402234636871508;1.0;0.5349162011173184;31170175.2;24693665.98;55863841.18;;;46.88796680497925;42.06030889780364;100.0;AM;Eirunepé;Eirunepé - AM;0.7727272727272727;Alto;;;;Meta prevista como atingida
1400159;320;0.6515514439668042;0.6603877834026665;0.6603877834026665;1.0;0.659375;0;0.0;14;3.0;0.626;0.509;329.22;0.72;66.34;47.1;0.0389344262295082;1.0;0.2807377049180328;34757040.44;531662.66;35288703.1;;;34.06249999999999;34.84485560331958;100.0;RR;Bonfim;Bonfim - RR;0.9380165289256198;Alto;;;;Meta prevista como atingida
1400308;237;0.6260594275352994;0.6260594275352994;0.6260594275352994;1.0;0.510548523206751;0;0.0;14;3.0;0.665;0.547;487.66;0.71;45.15;38.89;0.0;1.0;0.7167487684729064;34955913.35;2541124.55;37497037.9;;;48.9451476793249;37.394057246470055;100.0;RR;Mucajaí;Mucajaí - RR;0.8760330578512396;Alto;;;;Meta prevista como atingida
1400605;109;0.5992032865848818;0.5992032865848816;0.5992032865848816;1.0;0.41284403669724773;0;0.0;14;3.0;0.649;0.574;344.73;0.55;40.26;28.32;0.8582677165354331;1.0;0.8267716535433071;14126294.42;567518.66;14693813.08;;;58.71559633027523;40.079671341511826;100.0;RR;São Luiz;São Luiz - RR;0.8161157024793388;Alto;;;;Meta prevista como atingida
2401800;123;0.6327309163476856;0.6518411175544825;0.6518411175544825;1.0;0.44715447154471544;0;0.0;24;3.0;0.592;0.492;304.8;0.49;51.55;53.59;0.7100591715976331;1.0;0.893491124260355;10728417.25;2397621.62;13126038.87;;;55.28455284552846;36.72690836523144;100.0;RN;Brejinho;Brejinho - RN;0.8884297520661157;Alto;;;;Meta prevista como atingida
2408102;4014;0.5587221386753556;0.5684598817892148;0.5684598817892148;1.0;0.5742401594419532;0;0.0;24;3.0;0.763;0.694;950.34;0.61;19.91;21.16;0.9004803073967339;1.0;0.9650336215177714;378388114.48;7897804.71;386285919.19;;;42.57598405580468;44.12778613246444;100.0;RN;Natal;Natal - RN;0.731404958677686;Alto;;;;Meta prevista como atingida
2925758;294;0.5969766698625487;0.5969766698625487;0.5969766698625487;1.0;0.5272108843537415;0;0.0;29;3.0;0.559;0.424;270.35;0.55;57.61;58.26;0.1721311475409836;1.0;0.0;28168378.16;20631069.81;48799447.97;;;47.278911564625844;40.30233301374513;100.0;BA;Presidente Tancredo Neves;Presidente Tancredo Neves - BA;0.8119834710743802;Alto;;;;Meta prevista como atingida
4202305;776;0.6335977855442719;0.6349565966917368;0.6349565966917368;1.0;0.5038659793814433;0;0.0;42;2.0;0.739;0.659;764.37;0.39;5.96;22.34;0.8275499474237644;1.0;0.8843322818086226;45843186.27;1316153.09;47159339.36;;;49.61340206185567;36.640221445572806;100.0;SC;Biguaçu;Biguaçu - SC;0.8925619834710744;Alto;;;;Meta prevista como atingida
4204251;199;0.5870644138283141;0.5852822594464486;0.5963650320086743;1.0;0.3165829145728643;0;0.0;42;3.0;0.78;0.74;833.24;0.37;2.86;12.71;0.8369565217391305;1.0;1.0;16476011.64;0.0;16476011.64;;;68.34170854271358;41.29355861716859;100.0;SC;Cocal do Sul;Cocal do Sul - SC;0.7851239669421488;Alto;;;;Meta prevista como atingida
4205407;3601;0.6407401505314276;0.635364165304038;0.6466851727916578;1.0;0.45181893918356014;0;0.0;42;3.0;0.847;0.8;1798.12;0.54;3.26;12.2;0.8995412844036698;1.0;0.993348623853211;327273145.79;5867091.46;333140237.25;;;54.81810608164399;35.925984946857234;100.0;SC;Florianópolis;Florianópolis - SC;0.9090909090909091;Alto;;;;Meta prevista como atingida
4205902;850;0.635793470706452;0.632621500514954;0.6425339073633851;1.0;0.38941176470588235;0;0.0;42;3.0;0.765;0.655;964.36;0.37;1.79;22.36;1.0;1.0;0.8867521367521367;72878558.24;0.0;72878558.24;;;61.05882352941177;36.4206529293548;100.0;SC;Gaspar;Gaspar - SC;0.8987603305785123;Alto;;;;Meta prevista como atingida
4300406;530;0.6966845161774692;0.6857132084453258;0.720120268197018;1.0;0.44150943396226416;0;0.0;43;2.0;0.74;0.664;705.29;0.52;18.69;22.17;0.9164420485175202;1.0;0.9070080862533692;40780973.71;1065675.6;41846649.31;;;55.84905660377358;30.331548382253082;100.0;RS;Alegrete;Alegrete - RS;0.9772727272727273;Alto;;;;Meta prevista como atingida
4301305;125;0.6718458382346492;0.6622982485120537;0.6882427858017153;1.0;0.432;0;0.0;43;2.0;0.657;0.522;528.13;0.5;27.5;41.39;0.9774011299435028;1.0;1.0;11518859.95;290239.5;11809099.45;;;56.800000000000004;32.81541617653508;100.0;RS;Arroio Grande;Arroio Grande - RS;0.9545454545454546;Alto;;;;Meta prevista como atingida
4310603;293;0.6816206926169821;0.6985540328760449;0.6985540328760449;1.0;0.447098976109215;0;0.0;43;3.0;0.713;0.626;576.71;0.51;19.32;30.05;0.7528344671201814;1.0;1.0;30424515.01;0.0;30424515.01;;;55.2901023890785;31.83793073830179;100.0;RS;Itaqui;Itaqui - RS;0.9648760330578512;Alto;;;;Meta prevista como atingida
5107800;190;0.4841687240042197;0.47777064138885184;0.516984696128203;0.1631578947368421;0.42105263157894735;68;0.35789473684210527;51;2.0;0.656;0.539;460.13;0.49;24.45;33.42;0.7431906614785992;1.0;0.1400778210116731;11079383.6;0.0;11079383.6;;;57.89473684210527;51.583127599578035;16.315789473684212;MT;Santo Antônio de Leverger;Santo Antônio de Leverger - MT;0.5247933884297521;Moderado;;;;Meta prevista como atingida
